# ************************************************************
# Sequel Ace SQL dump
# バージョン 20031
#
# https://sequel-ace.com/
# https://github.com/Sequel-Ace/Sequel-Ace
#
# ホスト: localhost (MySQL 8.0.23)
# データベース: app_development
# 生成時間: 2022-03-18 07:41:28 +0000
# ************************************************************


/*!40101 SET @OLD_CHARACTER_SET_CLIENT=@@CHARACTER_SET_CLIENT */;
/*!40101 SET @OLD_CHARACTER_SET_RESULTS=@@CHARACTER_SET_RESULTS */;
/*!40101 SET @OLD_COLLATION_CONNECTION=@@COLLATION_CONNECTION */;
SET NAMES utf8mb4;
/*!40014 SET @OLD_FOREIGN_KEY_CHECKS=@@FOREIGN_KEY_CHECKS, FOREIGN_KEY_CHECKS=0 */;
/*!40101 SET @OLD_SQL_MODE='NO_AUTO_VALUE_ON_ZERO', SQL_MODE='NO_AUTO_VALUE_ON_ZERO' */;
/*!40111 SET @OLD_SQL_NOTES=@@SQL_NOTES, SQL_NOTES=0 */;


# テーブルのダンプ agent_areas
# ------------------------------------------------------------

DROP TABLE IF EXISTS `agent_areas`;

CREATE TABLE `agent_areas` (
  `id` bigint NOT NULL AUTO_INCREMENT,
  `agent_id` int DEFAULT NULL,
  `prefecture_id` int DEFAULT NULL,
  `answer` varchar(255) DEFAULT NULL,
  `created_at` datetime(6) NOT NULL,
  `updated_at` datetime(6) NOT NULL,
  PRIMARY KEY (`id`),
  UNIQUE KEY `index_agent_areas_on_agent_id_and_prefecture_id` (`agent_id`,`prefecture_id`)
) ENGINE=InnoDB DEFAULT CHARSET=utf8mb4 COLLATE=utf8mb4_0900_ai_ci;

LOCK TABLES `agent_areas` WRITE;
/*!40000 ALTER TABLE `agent_areas` DISABLE KEYS */;

INSERT INTO `agent_areas` (`id`, `agent_id`, `prefecture_id`, `answer`, `created_at`, `updated_at`)
VALUES
	(1,1,4,NULL,'2022-01-21 11:19:38.525273','2022-01-21 11:19:38.525273'),
	(2,2,6,NULL,'2022-01-21 11:19:38.566491','2022-01-21 11:19:38.566491'),
	(3,2,8,NULL,'2022-01-21 11:19:38.646240','2022-01-21 11:19:38.646240'),
	(4,2,4,NULL,'2022-01-21 11:19:38.755138','2022-01-21 11:19:38.755138'),
	(5,2,10,NULL,'2022-01-21 11:19:38.855195','2022-01-21 11:19:38.855195'),
	(6,2,1,NULL,'2022-01-21 11:19:38.959228','2022-01-21 11:19:38.959228'),
	(7,3,8,NULL,'2022-01-21 11:19:39.025429','2022-01-21 11:19:39.025429'),
	(8,3,5,NULL,'2022-01-21 11:19:39.082596','2022-01-21 11:19:39.082596'),
	(9,3,6,NULL,'2022-01-21 11:19:39.124847','2022-01-21 11:19:39.124847'),
	(10,3,10,NULL,'2022-01-21 11:19:39.160739','2022-01-21 11:19:39.160739'),
	(11,3,1,NULL,'2022-01-21 11:19:39.258025','2022-01-21 11:19:39.258025'),
	(12,3,2,NULL,'2022-01-21 11:19:39.321505','2022-01-21 11:19:39.321505'),
	(13,3,4,NULL,'2022-01-21 11:19:39.391252','2022-01-21 11:19:39.391252'),
	(14,3,7,NULL,'2022-01-21 11:19:39.486555','2022-01-21 11:19:39.486555'),
	(15,3,9,NULL,'2022-01-21 11:19:39.526470','2022-01-21 11:19:39.526470'),
	(16,3,3,NULL,'2022-01-21 11:19:39.580801','2022-01-21 11:19:39.580801'),
	(17,4,5,NULL,'2022-01-21 11:19:39.631798','2022-01-21 11:19:39.631798'),
	(18,4,2,NULL,'2022-01-21 11:19:39.714017','2022-01-21 11:19:39.714017'),
	(19,5,2,NULL,'2022-01-21 11:19:39.762610','2022-01-21 11:19:39.762610'),
	(20,5,10,NULL,'2022-01-21 11:19:39.936294','2022-01-21 11:19:39.936294'),
	(21,5,6,NULL,'2022-01-21 11:19:39.994874','2022-01-21 11:19:39.994874'),
	(22,6,2,NULL,'2022-01-21 11:19:40.116618','2022-01-21 11:19:40.116618'),
	(23,6,5,NULL,'2022-01-21 11:19:40.183700','2022-01-21 11:19:40.183700'),
	(24,6,10,NULL,'2022-01-21 11:19:40.278968','2022-01-21 11:19:40.278968'),
	(25,6,1,NULL,'2022-01-21 11:19:40.328233','2022-01-21 11:19:40.328233'),
	(26,6,3,NULL,'2022-01-21 11:19:40.393236','2022-01-21 11:19:40.393236'),
	(27,6,8,NULL,'2022-01-21 11:19:40.458959','2022-01-21 11:19:40.458959'),
	(28,6,6,NULL,'2022-01-21 11:19:40.495802','2022-01-21 11:19:40.495802'),
	(29,6,4,NULL,'2022-01-21 11:19:40.553415','2022-01-21 11:19:40.553415'),
	(30,6,9,NULL,'2022-01-21 11:19:40.594467','2022-01-21 11:19:40.594467'),
	(31,7,3,NULL,'2022-01-21 11:19:40.678014','2022-01-21 11:19:40.678014'),
	(32,8,4,NULL,'2022-01-21 11:19:40.745828','2022-01-21 11:19:40.745828'),
	(33,8,6,NULL,'2022-01-21 11:19:40.792068','2022-01-21 11:19:40.792068'),
	(34,8,10,NULL,'2022-01-21 11:19:40.872005','2022-01-21 11:19:40.872005'),
	(35,8,5,NULL,'2022-01-21 11:19:40.916686','2022-01-21 11:19:40.916686'),
	(36,8,7,NULL,'2022-01-21 11:19:40.991705','2022-01-21 11:19:40.991705'),
	(37,8,3,NULL,'2022-01-21 11:19:41.083084','2022-01-21 11:19:41.083084'),
	(38,8,9,NULL,'2022-01-21 11:19:41.146891','2022-01-21 11:19:41.146891'),
	(39,8,1,NULL,'2022-01-21 11:19:41.197767','2022-01-21 11:19:41.197767'),
	(40,9,9,NULL,'2022-01-21 11:19:41.308984','2022-01-21 11:19:41.308984'),
	(41,9,4,NULL,'2022-01-21 11:19:41.346041','2022-01-21 11:19:41.346041'),
	(42,9,7,NULL,'2022-01-21 11:19:41.397250','2022-01-21 11:19:41.397250'),
	(43,9,3,NULL,'2022-01-21 11:19:41.515053','2022-01-21 11:19:41.515053'),
	(44,9,1,NULL,'2022-01-21 11:19:41.566484','2022-01-21 11:19:41.566484'),
	(45,9,8,NULL,'2022-01-21 11:19:41.601929','2022-01-21 11:19:41.601929'),
	(46,9,2,NULL,'2022-01-21 11:19:41.660696','2022-01-21 11:19:41.660696'),
	(47,9,10,NULL,'2022-01-21 11:19:41.694297','2022-01-21 11:19:41.694297'),
	(48,9,6,NULL,'2022-01-21 11:19:41.743377','2022-01-21 11:19:41.743377'),
	(49,9,5,NULL,'2022-01-21 11:19:41.790598','2022-01-21 11:19:41.790598'),
	(50,10,2,NULL,'2022-01-21 11:19:41.895031','2022-01-21 11:19:41.895031'),
	(51,10,4,NULL,'2022-01-21 11:19:41.961998','2022-01-21 11:19:41.961998'),
	(52,10,10,NULL,'2022-01-21 11:19:42.054885','2022-01-21 11:19:42.054885'),
	(53,10,1,NULL,'2022-01-21 11:19:42.149073','2022-01-21 11:19:42.149073'),
	(54,10,5,NULL,'2022-01-21 11:19:42.250619','2022-01-21 11:19:42.250619');

/*!40000 ALTER TABLE `agent_areas` ENABLE KEYS */;
UNLOCK TABLES;


# テーブルのダンプ agents
# ------------------------------------------------------------

DROP TABLE IF EXISTS `agents`;

CREATE TABLE `agents` (
  `id` bigint NOT NULL AUTO_INCREMENT,
  `email` varchar(255) NOT NULL DEFAULT '',
  `encrypted_password` varchar(255) NOT NULL DEFAULT '',
  `reset_password_token` varchar(255) DEFAULT NULL,
  `reset_password_sent_at` datetime DEFAULT NULL,
  `remember_created_at` datetime DEFAULT NULL,
  `confirmation_token` varchar(255) DEFAULT NULL,
  `confirmed_at` datetime DEFAULT NULL,
  `confirmation_sent_at` datetime DEFAULT NULL,
  `unconfirmed_email` varchar(255) DEFAULT NULL,
  `created_at` datetime(6) NOT NULL,
  `updated_at` datetime(6) NOT NULL,
  `nickname` varchar(255) DEFAULT NULL,
  `family_name` varchar(255) DEFAULT NULL,
  `first_name` varchar(255) DEFAULT NULL,
  `gender` varchar(255) DEFAULT NULL,
  `birth_year` int DEFAULT NULL,
  `tel` varchar(255) DEFAULT NULL,
  `company_name` varchar(255) DEFAULT NULL,
  `company_address` varchar(255) DEFAULT NULL,
  `company_tel` varchar(255) DEFAULT NULL,
  `company_size_min` varchar(255) DEFAULT NULL,
  `company_size_max` varchar(255) DEFAULT NULL,
  `company_age_min` varchar(255) DEFAULT NULL,
  `company_age_max` varchar(255) DEFAULT NULL,
  `trade_area` varchar(255) DEFAULT NULL,
  `brokering_number_min` int DEFAULT NULL,
  `brokering_number_max` int DEFAULT NULL,
  `brokering_career_length_min` int DEFAULT NULL,
  `brokering_career_length_max` int DEFAULT NULL,
  `preference1` int DEFAULT NULL,
  `preference2` int DEFAULT NULL,
  `preference3` int DEFAULT NULL,
  `preference4` int DEFAULT NULL,
  `preference5` int DEFAULT NULL,
  `preference6` int DEFAULT NULL,
  `preference7` int DEFAULT NULL,
  `preference8` int DEFAULT NULL,
  `preference9` int DEFAULT NULL,
  `explanation_career` text,
  `explanation_strength` text,
  `explanation_license` text,
  `avatar` text,
  `cluster` int DEFAULT NULL,
  PRIMARY KEY (`id`),
  UNIQUE KEY `index_agents_on_email` (`email`),
  UNIQUE KEY `index_agents_on_confirmation_token` (`confirmation_token`),
  UNIQUE KEY `index_agents_on_reset_password_token` (`reset_password_token`)
) ENGINE=InnoDB DEFAULT CHARSET=utf8mb4 COLLATE=utf8mb4_0900_ai_ci;

LOCK TABLES `agents` WRITE;
/*!40000 ALTER TABLE `agents` DISABLE KEYS */;

INSERT INTO `agents` (`id`, `email`, `encrypted_password`, `reset_password_token`, `reset_password_sent_at`, `remember_created_at`, `confirmation_token`, `confirmed_at`, `confirmation_sent_at`, `unconfirmed_email`, `created_at`, `updated_at`, `nickname`, `family_name`, `first_name`, `gender`, `birth_year`, `tel`, `company_name`, `company_address`, `company_tel`, `company_size_min`, `company_size_max`, `company_age_min`, `company_age_max`, `trade_area`, `brokering_number_min`, `brokering_number_max`, `brokering_career_length_min`, `brokering_career_length_max`, `preference1`, `preference2`, `preference3`, `preference4`, `preference5`, `preference6`, `preference7`, `preference8`, `preference9`, `explanation_career`, `explanation_strength`, `explanation_license`, `avatar`, `cluster`)
VALUES
	(1,'agent1@test.com','$2a$12$nWERLgKTFrRfssxbP579yeCIK3XFrZndZrEQijqIVa/kwW8cdos16',NULL,NULL,NULL,NULL,'2022-01-21 11:16:50',NULL,NULL,'2022-01-21 11:16:51.473420','2022-01-21 11:16:51.473420','Shinji Araya','新谷','真次','男',1979,'09013243546','ダミー会社名','岩手県熊本市東区竹下','090232345432','6','10','0','1','岩手県',101,250,1,3,5,4,3,4,3,2,2,4,5,'ダミーテキスト','ダミーテキスト','ダミーテキスト','women04.png',NULL),
	(2,'agent2@test.com','$2a$12$ishdbeH82XNC0LNXb6Rn/OTM6VeO6GBAH5Z6zG5hE1kND86tOICBm',NULL,NULL,NULL,NULL,'2022-01-21 11:16:51',NULL,NULL,'2022-01-21 11:16:53.545566','2022-01-21 11:16:53.545566','Shouko Tahara','田原','翔己','女',1965,'09013243546','ダミー会社名','熊本県小千谷市北沢','090232345432','6','10','0','1','熊本県',101,250,1,3,4,5,3,4,4,4,3,5,1,'ダミーテキスト','ダミーテキスト','ダミーテキスト','women05.png',NULL),
	(3,'agent3@test.com','$2a$12$SU8ok4vUv9RiLgA.IHGQNOnrBdsdhs6Jy.ISIREgxunqWM21e3lgS',NULL,NULL,NULL,NULL,'2022-01-21 11:16:53',NULL,NULL,'2022-01-21 11:16:56.426966','2022-01-21 11:16:56.426966','Reimi Kajiwara','梶原','礼未','女',1990,'09013243546','ダミー会社名','沖縄県南国市和田山町岡田','090232345432','6','10','0','1','沖縄県',101,250,1,3,2,2,4,5,4,3,4,3,2,'ダミーテキスト','ダミーテキスト','ダミーテキスト','women04.png',NULL),
	(4,'agent4@test.com','$2a$12$4OqcUztx9FpKLSqBQYdWZOxWTIqUfzVdmUzQg2qyIH68fK2Hn0ooG',NULL,NULL,NULL,NULL,'2022-01-21 11:16:56',NULL,NULL,'2022-01-21 11:16:58.366580','2022-01-21 11:16:58.366580','Kotowa Niwa','丹羽','殊和','女',1964,'09013243546','ダミー会社名','宮崎県越智郡上島町翠ケ丘町','090232345432','6','10','0','1','宮崎県',101,250,1,3,4,2,5,4,2,4,1,5,5,'ダミーテキスト','ダミーテキスト','ダミーテキスト','women01.png',NULL),
	(5,'agent5@test.com','$2a$12$nB5Yc2i60M0/EBVEx2hwAuCXC0d/iKpqXLG63X.9PD6pKo1dRQACK',NULL,NULL,NULL,NULL,'2022-01-21 11:16:58',NULL,NULL,'2022-01-21 11:16:59.658179','2022-01-21 11:16:59.658179','Eri Sugiyama','杉山','枝李','女',1979,'09013243546','ダミー会社名','北海道井原市松島町','090232345432','6','10','0','1','北海道',101,250,1,3,5,3,1,1,4,1,5,2,5,'ダミーテキスト','ダミーテキスト','ダミーテキスト','women03.png',NULL),
	(6,'agent6@test.com','$2a$12$NldT.sS/oG4IXJ1cJna5m.V0ZhGbs2ABWaiwCCoi7D9kgePNI64UO',NULL,NULL,NULL,NULL,'2022-01-21 11:16:59',NULL,NULL,'2022-01-21 11:17:01.038658','2022-01-21 11:17:01.038658','Masamune Kanno','菅野','正宗','男',1995,'09013243546','ダミー会社名','山形県大阪市城東区萩原町河田方','090232345432','6','10','0','1','山形県',101,250,1,3,3,2,5,1,3,4,5,3,4,'ダミーテキスト','ダミーテキスト','ダミーテキスト','women04.png',NULL),
	(7,'agent7@test.com','$2a$12$GWCf3swtYxLrp3TSXZbRE.Nc1HX2f/iHW41vZzmYeFnYDWSJZss0u',NULL,NULL,NULL,NULL,'2022-01-21 11:17:01',NULL,NULL,'2022-01-21 11:17:02.374388','2022-01-21 11:17:02.374388','Hodaka Tajima','田島','帆高','女',1967,'09013243546','ダミー会社名','兵庫県中川郡幕別町竹田向代町川町','090232345432','6','10','0','1','兵庫県',101,250,1,3,4,5,1,1,1,3,1,4,3,'ダミーテキスト','ダミーテキスト','ダミーテキスト','women03.png',NULL),
	(8,'agent8@test.com','$2a$12$XHQ/mPwXd9Dkb3EyWKkxnuqqxG0qkEb/igKtB2OcLlTWx7s5H4ozC',NULL,NULL,NULL,NULL,'2022-01-21 11:17:02',NULL,NULL,'2022-01-21 11:17:03.329811','2022-01-21 11:17:03.329811','Riku Yamaoka','山岡','凌空','男',1980,'09013243546','ダミー会社名','福島県足立区栄町','090232345432','6','10','0','1','福島県',101,250,1,3,2,2,2,5,5,2,2,5,5,'ダミーテキスト','ダミーテキスト','ダミーテキスト','women01.png',NULL),
	(9,'agent9@test.com','$2a$12$bYgI.mJ6l0wCTGEOcQJtVupSQd3w5EPpFdbcRR0QiLuhy4rFcGIg2',NULL,NULL,NULL,NULL,'2022-01-21 11:17:03',NULL,NULL,'2022-01-21 11:17:04.502976','2022-01-21 11:17:04.502976','Takeaki Oomori','大森','健誠','男',1983,'09013243546','ダミー会社名','石川県亀田郡七飯町木曽川町内割田','090232345432','6','10','0','1','石川県',101,250,1,3,5,5,3,2,1,1,5,5,5,'ダミーテキスト','ダミーテキスト','ダミーテキスト','women03.png',NULL),
	(10,'agent10@test.com','$2a$12$MY9rCHO.IEgpKeUl1ihtr..SPMXYAjvrK1MyYsDcNJiODy1qGqYTq',NULL,NULL,NULL,NULL,'2022-01-21 11:17:04',NULL,NULL,'2022-01-21 11:17:05.834156','2022-01-21 11:17:05.834156','Masahiro Ishibashi','石橋','昌弘','男',1963,'09013243546','ダミー会社名','佐賀県横手市八尾町井田','090232345432','6','10','0','1','佐賀県',101,250,1,3,5,4,5,5,1,1,5,1,3,'ダミーテキスト','ダミーテキスト','ダミーテキスト','women01.png',NULL);

/*!40000 ALTER TABLE `agents` ENABLE KEYS */;
UNLOCK TABLES;


# テーブルのダンプ ar_internal_metadata
# ------------------------------------------------------------

DROP TABLE IF EXISTS `ar_internal_metadata`;

CREATE TABLE `ar_internal_metadata` (
  `key` varchar(255) NOT NULL,
  `value` varchar(255) DEFAULT NULL,
  `created_at` datetime(6) NOT NULL,
  `updated_at` datetime(6) NOT NULL,
  PRIMARY KEY (`key`)
) ENGINE=InnoDB DEFAULT CHARSET=utf8mb4 COLLATE=utf8mb4_0900_ai_ci;

LOCK TABLES `ar_internal_metadata` WRITE;
/*!40000 ALTER TABLE `ar_internal_metadata` DISABLE KEYS */;

INSERT INTO `ar_internal_metadata` (`key`, `value`, `created_at`, `updated_at`)
VALUES
	('environment','development','2022-01-21 11:16:48.059654','2022-01-21 11:16:48.059654'),
	('schema_sha1','09648cb5554e60ca876fad508a0f19fb568b43b0','2022-01-21 11:16:48.123099','2022-01-21 11:16:48.123099');

/*!40000 ALTER TABLE `ar_internal_metadata` ENABLE KEYS */;
UNLOCK TABLES;


# テーブルのダンプ buyer_areas
# ------------------------------------------------------------

DROP TABLE IF EXISTS `buyer_areas`;

CREATE TABLE `buyer_areas` (
  `id` bigint NOT NULL AUTO_INCREMENT,
  `buyer_id` int DEFAULT NULL,
  `prefecture_id` int DEFAULT NULL,
  `answer` varchar(255) DEFAULT NULL,
  `created_at` datetime(6) NOT NULL,
  `updated_at` datetime(6) NOT NULL,
  PRIMARY KEY (`id`),
  UNIQUE KEY `index_buyer_areas_on_buyer_id_and_prefecture_id` (`buyer_id`,`prefecture_id`)
) ENGINE=InnoDB DEFAULT CHARSET=utf8mb4 COLLATE=utf8mb4_0900_ai_ci;

LOCK TABLES `buyer_areas` WRITE;
/*!40000 ALTER TABLE `buyer_areas` DISABLE KEYS */;

INSERT INTO `buyer_areas` (`id`, `buyer_id`, `prefecture_id`, `answer`, `created_at`, `updated_at`)
VALUES
	(1,1,4,NULL,'2022-01-21 11:19:42.348893','2022-01-21 11:19:42.348893'),
	(2,1,7,NULL,'2022-01-21 11:19:42.473099','2022-01-21 11:19:42.473099'),
	(3,1,1,NULL,'2022-01-21 11:19:42.518794','2022-01-21 11:19:42.518794'),
	(4,2,4,NULL,'2022-01-21 11:19:42.563639','2022-01-21 11:19:42.563639'),
	(5,2,7,NULL,'2022-01-21 11:19:42.596484','2022-01-21 11:19:42.596484'),
	(6,2,8,NULL,'2022-01-21 11:19:42.635966','2022-01-21 11:19:42.635966'),
	(7,2,6,NULL,'2022-01-21 11:19:42.682044','2022-01-21 11:19:42.682044'),
	(8,2,10,NULL,'2022-01-21 11:19:42.739925','2022-01-21 11:19:42.739925'),
	(9,2,3,NULL,'2022-01-21 11:19:42.818129','2022-01-21 11:19:42.818129'),
	(10,2,5,NULL,'2022-01-21 11:19:42.932679','2022-01-21 11:19:42.932679'),
	(11,3,10,NULL,'2022-01-21 11:19:42.994930','2022-01-21 11:19:42.994930'),
	(12,3,8,NULL,'2022-01-21 11:19:43.052196','2022-01-21 11:19:43.052196'),
	(13,3,2,NULL,'2022-01-21 11:19:43.093129','2022-01-21 11:19:43.093129'),
	(14,3,4,NULL,'2022-01-21 11:19:43.152713','2022-01-21 11:19:43.152713'),
	(15,3,9,NULL,'2022-01-21 11:19:43.246745','2022-01-21 11:19:43.246745'),
	(16,3,5,NULL,'2022-01-21 11:19:43.290260','2022-01-21 11:19:43.290260'),
	(17,3,1,NULL,'2022-01-21 11:19:43.356923','2022-01-21 11:19:43.356923'),
	(18,3,6,NULL,'2022-01-21 11:19:43.475797','2022-01-21 11:19:43.475797'),
	(19,4,2,NULL,'2022-01-21 11:19:43.541142','2022-01-21 11:19:43.541142'),
	(20,4,7,NULL,'2022-01-21 11:19:43.586974','2022-01-21 11:19:43.586974'),
	(21,4,5,NULL,'2022-01-21 11:19:43.620291','2022-01-21 11:19:43.620291'),
	(22,4,8,NULL,'2022-01-21 11:19:43.688982','2022-01-21 11:19:43.688982'),
	(23,4,6,NULL,'2022-01-21 11:19:43.781027','2022-01-21 11:19:43.781027'),
	(24,4,3,NULL,'2022-01-21 11:19:43.861841','2022-01-21 11:19:43.861841'),
	(25,4,10,NULL,'2022-01-21 11:19:43.951849','2022-01-21 11:19:43.951849'),
	(26,4,9,NULL,'2022-01-21 11:19:43.986208','2022-01-21 11:19:43.986208'),
	(27,4,1,NULL,'2022-01-21 11:19:44.080177','2022-01-21 11:19:44.080177'),
	(28,5,4,NULL,'2022-01-21 11:19:44.141572','2022-01-21 11:19:44.141572'),
	(29,5,8,NULL,'2022-01-21 11:19:44.180460','2022-01-21 11:19:44.180460'),
	(30,6,9,NULL,'2022-01-21 11:19:44.329547','2022-01-21 11:19:44.329547'),
	(31,6,5,NULL,'2022-01-21 11:19:44.369195','2022-01-21 11:19:44.369195'),
	(32,6,2,NULL,'2022-01-21 11:19:44.433447','2022-01-21 11:19:44.433447'),
	(33,6,8,NULL,'2022-01-21 11:19:44.583093','2022-01-21 11:19:44.583093'),
	(34,6,1,NULL,'2022-01-21 11:19:44.619832','2022-01-21 11:19:44.619832'),
	(35,6,7,NULL,'2022-01-21 11:19:44.672047','2022-01-21 11:19:44.672047'),
	(36,6,3,NULL,'2022-01-21 11:19:44.780351','2022-01-21 11:19:44.780351'),
	(37,6,4,NULL,'2022-01-21 11:19:44.974602','2022-01-21 11:19:44.974602'),
	(38,6,10,NULL,'2022-01-21 11:19:45.022116','2022-01-21 11:19:45.022116'),
	(39,6,6,NULL,'2022-01-21 11:19:45.089120','2022-01-21 11:19:45.089120'),
	(40,7,6,NULL,'2022-01-21 11:19:45.230786','2022-01-21 11:19:45.230786'),
	(41,7,9,NULL,'2022-01-21 11:19:45.340059','2022-01-21 11:19:45.340059'),
	(42,7,7,NULL,'2022-01-21 11:19:45.391680','2022-01-21 11:19:45.391680'),
	(43,7,3,NULL,'2022-01-21 11:19:45.478751','2022-01-21 11:19:45.478751'),
	(44,7,4,NULL,'2022-01-21 11:19:45.528833','2022-01-21 11:19:45.528833'),
	(45,8,8,NULL,'2022-01-21 11:19:45.563354','2022-01-21 11:19:45.563354'),
	(46,8,1,NULL,'2022-01-21 11:19:45.606209','2022-01-21 11:19:45.606209'),
	(47,8,4,NULL,'2022-01-21 11:19:45.635327','2022-01-21 11:19:45.635327'),
	(48,8,6,NULL,'2022-01-21 11:19:45.686776','2022-01-21 11:19:45.686776'),
	(49,8,9,NULL,'2022-01-21 11:19:45.776659','2022-01-21 11:19:45.776659'),
	(50,8,7,NULL,'2022-01-21 11:19:45.899280','2022-01-21 11:19:45.899280'),
	(51,8,10,NULL,'2022-01-21 11:19:45.963614','2022-01-21 11:19:45.963614'),
	(52,8,5,NULL,'2022-01-21 11:19:46.005837','2022-01-21 11:19:46.005837'),
	(53,8,2,NULL,'2022-01-21 11:19:46.056538','2022-01-21 11:19:46.056538'),
	(54,9,7,NULL,'2022-01-21 11:19:46.106912','2022-01-21 11:19:46.106912'),
	(55,9,8,NULL,'2022-01-21 11:19:46.167626','2022-01-21 11:19:46.167626'),
	(56,9,2,NULL,'2022-01-21 11:19:46.206286','2022-01-21 11:19:46.206286'),
	(57,9,10,NULL,'2022-01-21 11:19:46.298240','2022-01-21 11:19:46.298240'),
	(58,10,1,NULL,'2022-01-21 11:19:46.343266','2022-01-21 11:19:46.343266'),
	(59,10,6,NULL,'2022-01-21 11:19:46.407259','2022-01-21 11:19:46.407259'),
	(60,10,8,NULL,'2022-01-21 11:19:46.486685','2022-01-21 11:19:46.486685'),
	(61,10,4,NULL,'2022-01-21 11:19:46.537530','2022-01-21 11:19:46.537530');

/*!40000 ALTER TABLE `buyer_areas` ENABLE KEYS */;
UNLOCK TABLES;


# テーブルのダンプ buyers
# ------------------------------------------------------------

DROP TABLE IF EXISTS `buyers`;

CREATE TABLE `buyers` (
  `id` bigint NOT NULL AUTO_INCREMENT,
  `email` varchar(255) NOT NULL DEFAULT '',
  `encrypted_password` varchar(255) NOT NULL DEFAULT '',
  `reset_password_token` varchar(255) DEFAULT NULL,
  `reset_password_sent_at` datetime DEFAULT NULL,
  `remember_created_at` datetime DEFAULT NULL,
  `confirmation_token` varchar(255) DEFAULT NULL,
  `confirmed_at` datetime DEFAULT NULL,
  `confirmation_sent_at` datetime DEFAULT NULL,
  `unconfirmed_email` varchar(255) DEFAULT NULL,
  `created_at` datetime(6) NOT NULL,
  `updated_at` datetime(6) NOT NULL,
  `nickname` varchar(255) DEFAULT NULL,
  `family_name` varchar(255) DEFAULT NULL,
  `first_name` varchar(255) DEFAULT NULL,
  `tel` varchar(255) DEFAULT NULL,
  `budget_min` int DEFAULT NULL,
  `budget_max` int DEFAULT NULL,
  `desired_area` varchar(255) DEFAULT NULL,
  `residense_type` int DEFAULT NULL,
  `preference1` int DEFAULT NULL,
  `preference2` int DEFAULT NULL,
  `preference3` int DEFAULT NULL,
  `preference4` int DEFAULT NULL,
  `preference5` int DEFAULT NULL,
  `preference6` int DEFAULT NULL,
  `preference7` int DEFAULT NULL,
  `preference8` int DEFAULT NULL,
  `preference9` int DEFAULT NULL,
  `needs_1` int DEFAULT NULL,
  `needs_2` int DEFAULT NULL,
  `needs_3` int DEFAULT NULL,
  `needs_4` int DEFAULT NULL,
  `needs_5` int DEFAULT NULL,
  `needs_free_text` text,
  `avatar` text,
  `cluster` int DEFAULT NULL,
  PRIMARY KEY (`id`),
  UNIQUE KEY `index_buyers_on_email` (`email`),
  UNIQUE KEY `index_buyers_on_confirmation_token` (`confirmation_token`),
  UNIQUE KEY `index_buyers_on_reset_password_token` (`reset_password_token`)
) ENGINE=InnoDB DEFAULT CHARSET=utf8mb4 COLLATE=utf8mb4_0900_ai_ci;

LOCK TABLES `buyers` WRITE;
/*!40000 ALTER TABLE `buyers` DISABLE KEYS */;

INSERT INTO `buyers` (`id`, `email`, `encrypted_password`, `reset_password_token`, `reset_password_sent_at`, `remember_created_at`, `confirmation_token`, `confirmed_at`, `confirmation_sent_at`, `unconfirmed_email`, `created_at`, `updated_at`, `nickname`, `family_name`, `first_name`, `tel`, `budget_min`, `budget_max`, `desired_area`, `residense_type`, `preference1`, `preference2`, `preference3`, `preference4`, `preference5`, `preference6`, `preference7`, `preference8`, `preference9`, `needs_1`, `needs_2`, `needs_3`, `needs_4`, `needs_5`, `needs_free_text`, `avatar`, `cluster`)
VALUES
	(1,'buyer1@test.com','$2a$12$CrzfTolyrAm2HQFUjIVayO9g5uex4tlXrfSLWaYKYYzk5v8Z0KJny',NULL,NULL,NULL,NULL,'2022-01-21 11:17:05',NULL,NULL,'2022-01-21 11:17:07.091790','2022-01-21 11:17:07.091790','Mitsugi Tanabe','田辺','充妃','09013243546',2000,4000,'',1,4,2,2,2,2,2,4,1,3,5,4,5,4,1,'フリーテキスト1フリーテキスト1フリーテキスト1フリーテキストフリーテキストフリーテキストフリーテキストフリーテキストフリーテキスト','men02.png',100),
	(2,'buyer2@test.com','$2a$12$gJlFTSdrXGE4/Szg00Ze4euxCUpm6df9iEbpePu7R0oFAenoKTwTm',NULL,NULL,NULL,NULL,'2022-01-21 11:17:07',NULL,NULL,'2022-01-21 11:17:07.967005','2022-01-21 11:17:07.967005','Toshiki Tanaka','田中','登志樹','09013243546',2000,4000,'',1,2,5,4,4,5,4,4,3,3,2,2,2,3,5,'フリーテキスト2フリーテキスト2フリーテキスト2フリーテキストフリーテキストフリーテキストフリーテキストフリーテキストフリーテキスト','unnamed02.png',100),
	(3,'buyer3@test.com','$2a$12$SBr7kJG0M/t8En2s.kuqZuKXeWmMEjZyTOKQ5ANAjGQgjM3l.3Mw.',NULL,NULL,NULL,NULL,'2022-01-21 11:17:08',NULL,NULL,'2022-01-21 11:17:09.162425','2022-01-21 11:17:09.162425','Masato Fukumoto','福本','大翔','09013243546',2000,4000,'',1,1,2,5,2,1,2,3,5,5,3,4,1,2,3,'フリーテキスト3フリーテキスト3フリーテキスト3フリーテキストフリーテキストフリーテキストフリーテキストフリーテキストフリーテキスト','unnamed02.png',100),
	(4,'buyer4@test.com','$2a$12$jmlMam2zyKXoKwpMCiiX9uiZI03PW/sf28xMPAKGIYAP.l/O6sscW',NULL,NULL,NULL,NULL,'2022-01-21 11:17:09',NULL,NULL,'2022-01-21 11:17:10.412194','2022-01-21 11:17:10.412194','Masahiro Tashiro','田代','正浩','09013243546',2000,4000,'',3,1,2,3,3,1,4,1,2,1,1,2,1,4,1,'フリーテキスト4フリーテキスト4フリーテキスト4フリーテキストフリーテキストフリーテキストフリーテキストフリーテキストフリーテキスト','women04.png',100),
	(5,'buyer5@test.com','$2a$12$umx.1lELU2usQIi.QnKtsOM1FCXIwiUFyjxzO1xUWcsRj/qZzufEe',NULL,NULL,NULL,NULL,'2022-01-21 11:17:10',NULL,NULL,'2022-01-21 11:17:11.482144','2022-01-21 11:17:11.482144','Renya Tsukada','塚田','蓮也','09013243546',2000,4000,'',3,3,3,5,1,5,1,4,2,1,4,4,3,4,4,'フリーテキスト5フリーテキスト5フリーテキスト5フリーテキストフリーテキストフリーテキストフリーテキストフリーテキストフリーテキスト','men02.png',100),
	(6,'buyer6@test.com','$2a$12$qIipq64n70tq8EOPAqxCzehTeLlYzpOamNRO4jjBP2HNcS7as0twq',NULL,NULL,NULL,NULL,'2022-01-21 11:17:11',NULL,NULL,'2022-01-21 11:17:14.067527','2022-01-21 11:17:14.067527','Yoshinori Fujiwara','藤原','佳典','09013243546',2000,4000,'',3,1,4,4,1,2,1,3,1,3,2,2,1,3,1,'フリーテキスト6フリーテキスト6フリーテキスト6フリーテキストフリーテキストフリーテキストフリーテキストフリーテキストフリーテキスト','men04.png',100),
	(7,'buyer7@test.com','$2a$12$bMNCkdQ3FV8YkGylCmDY1e9QDsmoCkEb9D01Vk4n7DVxfdt3MLIzG',NULL,NULL,NULL,NULL,'2022-01-21 11:17:14',NULL,NULL,'2022-01-21 11:17:16.718365','2022-01-21 11:17:16.718365','Harumi Inoue','井上','晴美','09013243546',2000,4000,'',1,3,1,4,4,2,5,5,2,2,5,1,2,1,5,'フリーテキスト7フリーテキスト7フリーテキスト7フリーテキストフリーテキストフリーテキストフリーテキストフリーテキストフリーテキスト','men03.png',100),
	(8,'buyer8@test.com','$2a$12$9bjjcWwKW0ohb/U8hY1kY.8BXMkpRgRjXYaQn9ZrvrdHj64cLhNPm',NULL,NULL,NULL,NULL,'2022-01-21 11:17:16',NULL,NULL,'2022-01-21 11:17:18.265590','2022-01-21 11:17:18.265590','Riju Shibata','柴田','理珠','09013243546',2000,4000,'',1,3,2,4,4,2,2,1,5,3,1,4,5,1,5,'フリーテキスト8フリーテキスト8フリーテキスト8フリーテキストフリーテキストフリーテキストフリーテキストフリーテキストフリーテキスト','women02.png',100),
	(9,'buyer9@test.com','$2a$12$N3J.eXM.IHIWhO7eb/uZGeDxcK1oJvr3vAE4qUiBh07ZVwGvexZgK',NULL,NULL,NULL,NULL,'2022-01-21 11:17:18',NULL,NULL,'2022-01-21 11:17:19.170269','2022-01-21 11:17:19.170269','Yuuya Tanigawa','谷川','悠也','09013243546',2000,4000,'',2,2,1,5,2,2,5,4,3,1,3,4,4,2,3,'フリーテキスト9フリーテキスト9フリーテキスト9フリーテキストフリーテキストフリーテキストフリーテキストフリーテキストフリーテキスト','women05.png',100),
	(10,'buyer10@test.com','$2a$12$lA3qjPe1Bxv/950u6PewiOZREn./OyAAGLmLWprtg7JhXIw33sd6.',NULL,NULL,NULL,NULL,'2022-01-21 11:17:19',NULL,NULL,'2022-01-21 11:17:20.425336','2022-01-21 11:17:20.425336','Yoshiki Kataoka','片岡','好樹','09013243546',2000,4000,'',2,4,5,5,2,3,5,4,1,3,2,4,5,1,5,'フリーテキスト10フリーテキスト10フリーテキスト10フリーテキストフリーテキストフリーテキストフリーテキストフリーテキストフリーテキスト','men02.png',100);

/*!40000 ALTER TABLE `buyers` ENABLE KEYS */;
UNLOCK TABLES;


# テーブルのダンプ cities
# ------------------------------------------------------------

DROP TABLE IF EXISTS `cities`;

CREATE TABLE `cities` (
  `id` bigint NOT NULL AUTO_INCREMENT,
  `prefecture_id` int DEFAULT NULL,
  `name` varchar(255) DEFAULT NULL,
  `created_at` datetime(6) NOT NULL,
  `updated_at` datetime(6) NOT NULL,
  PRIMARY KEY (`id`)
) ENGINE=InnoDB DEFAULT CHARSET=utf8mb4 COLLATE=utf8mb4_0900_ai_ci;

LOCK TABLES `cities` WRITE;
/*!40000 ALTER TABLE `cities` DISABLE KEYS */;

INSERT INTO `cities` (`id`, `prefecture_id`, `name`, `created_at`, `updated_at`)
VALUES
	(1,1,'札幌市','2022-01-21 11:17:25.349232','2022-01-21 11:17:25.349232'),
	(2,1,'函館市','2022-01-21 11:17:25.375130','2022-01-21 11:17:25.375130'),
	(3,1,'小樽市','2022-01-21 11:17:25.430116','2022-01-21 11:17:25.430116'),
	(4,1,'旭川市','2022-01-21 11:17:25.457885','2022-01-21 11:17:25.457885'),
	(5,1,'室蘭市','2022-01-21 11:17:25.532586','2022-01-21 11:17:25.532586'),
	(6,1,'釧路市','2022-01-21 11:17:25.572066','2022-01-21 11:17:25.572066'),
	(7,1,'帯広市','2022-01-21 11:17:25.652390','2022-01-21 11:17:25.652390'),
	(8,1,'北見市','2022-01-21 11:17:25.725444','2022-01-21 11:17:25.725444'),
	(9,1,'夕張市','2022-01-21 11:17:25.766420','2022-01-21 11:17:25.766420'),
	(10,1,'岩見沢市','2022-01-21 11:17:25.905667','2022-01-21 11:17:25.905667'),
	(11,1,'網走市','2022-01-21 11:17:25.955524','2022-01-21 11:17:25.955524'),
	(12,1,'留萌市','2022-01-21 11:17:25.997002','2022-01-21 11:17:25.997002'),
	(13,1,'苫小牧市','2022-01-21 11:17:26.028421','2022-01-21 11:17:26.028421'),
	(14,1,'稚内市','2022-01-21 11:17:26.066769','2022-01-21 11:17:26.066769'),
	(15,1,'美唄市','2022-01-21 11:17:26.137112','2022-01-21 11:17:26.137112'),
	(16,1,'芦別市','2022-01-21 11:17:26.295446','2022-01-21 11:17:26.295446'),
	(17,1,'江別市','2022-01-21 11:17:26.421281','2022-01-21 11:17:26.421281'),
	(18,1,'赤平市','2022-01-21 11:17:26.470195','2022-01-21 11:17:26.470195'),
	(19,1,'紋別市','2022-01-21 11:17:26.519221','2022-01-21 11:17:26.519221'),
	(20,1,'士別市','2022-01-21 11:17:26.549222','2022-01-21 11:17:26.549222'),
	(21,1,'名寄市','2022-01-21 11:17:26.637046','2022-01-21 11:17:26.637046'),
	(22,1,'三笠市','2022-01-21 11:17:26.750649','2022-01-21 11:17:26.750649'),
	(23,1,'根室市','2022-01-21 11:17:26.815543','2022-01-21 11:17:26.815543'),
	(24,1,'千歳市','2022-01-21 11:17:26.920478','2022-01-21 11:17:26.920478'),
	(25,1,'滝川市','2022-01-21 11:17:26.970532','2022-01-21 11:17:26.970532'),
	(26,1,'砂川市','2022-01-21 11:17:27.014233','2022-01-21 11:17:27.014233'),
	(27,1,'歌志内市','2022-01-21 11:17:27.047709','2022-01-21 11:17:27.047709'),
	(28,1,'深川市','2022-01-21 11:17:27.099498','2022-01-21 11:17:27.099498'),
	(29,1,'富良野市','2022-01-21 11:17:27.245547','2022-01-21 11:17:27.245547'),
	(30,1,'登別市','2022-01-21 11:17:27.283115','2022-01-21 11:17:27.283115'),
	(31,1,'恵庭市','2022-01-21 11:17:27.357820','2022-01-21 11:17:27.357820'),
	(32,1,'伊達市','2022-01-21 11:17:27.479876','2022-01-21 11:17:27.479876'),
	(33,1,'北広島市','2022-01-21 11:17:27.512696','2022-01-21 11:17:27.512696'),
	(34,1,'石狩市','2022-01-21 11:17:27.539615','2022-01-21 11:17:27.539615'),
	(35,1,'北斗市','2022-01-21 11:17:27.574380','2022-01-21 11:17:27.574380'),
	(36,1,'当別町','2022-01-21 11:17:27.675313','2022-01-21 11:17:27.675313'),
	(37,1,'新篠津村','2022-01-21 11:17:27.713562','2022-01-21 11:17:27.713562'),
	(38,1,'松前町','2022-01-21 11:17:27.817019','2022-01-21 11:17:27.817019'),
	(39,1,'福島町','2022-01-21 11:17:27.855896','2022-01-21 11:17:27.855896'),
	(40,1,'知内町','2022-01-21 11:17:27.917531','2022-01-21 11:17:27.917531'),
	(41,1,'木古内町','2022-01-21 11:17:27.979404','2022-01-21 11:17:27.979404'),
	(42,1,'七飯町','2022-01-21 11:17:28.004237','2022-01-21 11:17:28.004237'),
	(43,1,'鹿部町','2022-01-21 11:17:28.035942','2022-01-21 11:17:28.035942'),
	(44,1,'森町','2022-01-21 11:17:28.097519','2022-01-21 11:17:28.097519'),
	(45,1,'八雲町','2022-01-21 11:17:28.216594','2022-01-21 11:17:28.216594'),
	(46,1,'長万部町','2022-01-21 11:17:28.285774','2022-01-21 11:17:28.285774'),
	(47,1,'江差町','2022-01-21 11:17:28.336387','2022-01-21 11:17:28.336387'),
	(48,1,'上ノ国町','2022-01-21 11:17:28.368944','2022-01-21 11:17:28.368944'),
	(49,1,'厚沢部町','2022-01-21 11:17:28.394770','2022-01-21 11:17:28.394770'),
	(50,1,'乙部町','2022-01-21 11:17:28.452581','2022-01-21 11:17:28.452581'),
	(51,1,'奥尻町','2022-01-21 11:17:28.514695','2022-01-21 11:17:28.514695'),
	(52,1,'今金町','2022-01-21 11:17:28.584853','2022-01-21 11:17:28.584853'),
	(53,1,'せたな町','2022-01-21 11:17:28.730193','2022-01-21 11:17:28.730193'),
	(54,1,'島牧村','2022-01-21 11:17:28.754301','2022-01-21 11:17:28.754301'),
	(55,1,'寿都町','2022-01-21 11:17:28.780272','2022-01-21 11:17:28.780272'),
	(56,1,'黒松内町','2022-01-21 11:17:28.809131','2022-01-21 11:17:28.809131'),
	(57,1,'蘭越町','2022-01-21 11:17:28.840978','2022-01-21 11:17:28.840978'),
	(58,1,'ニセコ町','2022-01-21 11:17:28.958486','2022-01-21 11:17:28.958486'),
	(59,1,'真狩村','2022-01-21 11:17:29.001916','2022-01-21 11:17:29.001916'),
	(60,1,'留寿都村','2022-01-21 11:17:29.035310','2022-01-21 11:17:29.035310'),
	(61,1,'喜茂別町','2022-01-21 11:17:29.070617','2022-01-21 11:17:29.070617'),
	(62,1,'京極町','2022-01-21 11:17:29.161885','2022-01-21 11:17:29.161885'),
	(63,1,'倶知安町','2022-01-21 11:17:29.238192','2022-01-21 11:17:29.238192'),
	(64,1,'共和町','2022-01-21 11:17:29.259757','2022-01-21 11:17:29.259757'),
	(65,1,'岩内町','2022-01-21 11:17:29.294494','2022-01-21 11:17:29.294494'),
	(66,1,'泊村','2022-01-21 11:17:29.332874','2022-01-21 11:17:29.332874'),
	(67,1,'神恵内村','2022-01-21 11:17:29.439927','2022-01-21 11:17:29.439927'),
	(68,1,'積丹町','2022-01-21 11:17:29.489505','2022-01-21 11:17:29.489505'),
	(69,1,'古平町','2022-01-21 11:17:29.521528','2022-01-21 11:17:29.521528'),
	(70,1,'仁木町','2022-01-21 11:17:29.573818','2022-01-21 11:17:29.573818'),
	(71,1,'余市町','2022-01-21 11:17:29.635724','2022-01-21 11:17:29.635724'),
	(72,1,'赤井川村','2022-01-21 11:17:29.671521','2022-01-21 11:17:29.671521'),
	(73,1,'南幌町','2022-01-21 11:17:29.711665','2022-01-21 11:17:29.711665'),
	(74,1,'奈井江町','2022-01-21 11:17:29.802476','2022-01-21 11:17:29.802476'),
	(75,1,'上砂川町','2022-01-21 11:17:29.840806','2022-01-21 11:17:29.840806'),
	(76,1,'由仁町','2022-01-21 11:17:29.953920','2022-01-21 11:17:29.953920'),
	(77,1,'長沼町','2022-01-21 11:17:30.101243','2022-01-21 11:17:30.101243'),
	(78,1,'栗山町','2022-01-21 11:17:30.177275','2022-01-21 11:17:30.177275'),
	(79,1,'月形町','2022-01-21 11:17:30.204705','2022-01-21 11:17:30.204705'),
	(80,1,'浦臼町','2022-01-21 11:17:30.346761','2022-01-21 11:17:30.346761'),
	(81,1,'新十津川町','2022-01-21 11:17:30.403136','2022-01-21 11:17:30.403136'),
	(82,1,'妹背牛町','2022-01-21 11:17:30.466156','2022-01-21 11:17:30.466156'),
	(83,1,'秩父別町','2022-01-21 11:17:30.525999','2022-01-21 11:17:30.525999'),
	(84,1,'雨竜町','2022-01-21 11:17:30.561423','2022-01-21 11:17:30.561423'),
	(85,1,'北竜町','2022-01-21 11:17:30.624154','2022-01-21 11:17:30.624154'),
	(86,1,'沼田町','2022-01-21 11:17:30.660867','2022-01-21 11:17:30.660867'),
	(87,1,'鷹栖町','2022-01-21 11:17:30.696692','2022-01-21 11:17:30.696692'),
	(88,1,'東神楽町','2022-01-21 11:17:30.768011','2022-01-21 11:17:30.768011'),
	(89,1,'当麻町','2022-01-21 11:17:30.824867','2022-01-21 11:17:30.824867'),
	(90,1,'比布町','2022-01-21 11:17:30.877394','2022-01-21 11:17:30.877394'),
	(91,1,'愛別町','2022-01-21 11:17:30.932823','2022-01-21 11:17:30.932823'),
	(92,1,'上川町','2022-01-21 11:17:30.972758','2022-01-21 11:17:30.972758'),
	(93,1,'東川町','2022-01-21 11:17:31.007888','2022-01-21 11:17:31.007888'),
	(94,1,'美瑛町','2022-01-21 11:17:31.062162','2022-01-21 11:17:31.062162'),
	(95,1,'上富良野町','2022-01-21 11:17:31.142150','2022-01-21 11:17:31.142150'),
	(96,1,'中富良野町','2022-01-21 11:17:31.314336','2022-01-21 11:17:31.314336'),
	(97,1,'南富良野町','2022-01-21 11:17:31.364426','2022-01-21 11:17:31.364426'),
	(98,1,'占冠村','2022-01-21 11:17:31.402287','2022-01-21 11:17:31.402287'),
	(99,1,'和寒町','2022-01-21 11:17:31.437904','2022-01-21 11:17:31.437904'),
	(100,1,'剣淵町','2022-01-21 11:17:31.498178','2022-01-21 11:17:31.498178'),
	(101,1,'下川町','2022-01-21 11:17:31.537466','2022-01-21 11:17:31.537466'),
	(102,1,'美深町','2022-01-21 11:17:31.593671','2022-01-21 11:17:31.593671'),
	(103,1,'音威子府村','2022-01-21 11:17:31.624423','2022-01-21 11:17:31.624423'),
	(104,1,'中川町','2022-01-21 11:17:31.670354','2022-01-21 11:17:31.670354'),
	(105,1,'幌加内町','2022-01-21 11:17:31.743397','2022-01-21 11:17:31.743397'),
	(106,1,'増毛町','2022-01-21 11:17:31.795123','2022-01-21 11:17:31.795123'),
	(107,1,'小平町','2022-01-21 11:17:31.840056','2022-01-21 11:17:31.840056'),
	(108,1,'苫前町','2022-01-21 11:17:31.879692','2022-01-21 11:17:31.879692'),
	(109,1,'羽幌町','2022-01-21 11:17:31.919354','2022-01-21 11:17:31.919354'),
	(110,1,'初山別村','2022-01-21 11:17:31.969395','2022-01-21 11:17:31.969395'),
	(111,1,'遠別町','2022-01-21 11:17:32.024852','2022-01-21 11:17:32.024852'),
	(112,1,'天塩町','2022-01-21 11:17:32.062881','2022-01-21 11:17:32.062881'),
	(113,1,'猿払村','2022-01-21 11:17:32.129539','2022-01-21 11:17:32.129539'),
	(114,1,'浜頓別町','2022-01-21 11:17:32.194521','2022-01-21 11:17:32.194521'),
	(115,1,'中頓別町','2022-01-21 11:17:32.277772','2022-01-21 11:17:32.277772'),
	(116,1,'枝幸町','2022-01-21 11:17:32.329364','2022-01-21 11:17:32.329364'),
	(117,1,'豊富町','2022-01-21 11:17:32.395876','2022-01-21 11:17:32.395876'),
	(118,1,'礼文町','2022-01-21 11:17:32.458818','2022-01-21 11:17:32.458818'),
	(119,1,'利尻町','2022-01-21 11:17:32.525752','2022-01-21 11:17:32.525752'),
	(120,1,'利尻富士町','2022-01-21 11:17:32.568489','2022-01-21 11:17:32.568489'),
	(121,1,'幌延町','2022-01-21 11:17:32.624354','2022-01-21 11:17:32.624354'),
	(122,1,'美幌町','2022-01-21 11:17:32.656370','2022-01-21 11:17:32.656370'),
	(123,1,'津別町','2022-01-21 11:17:32.680672','2022-01-21 11:17:32.680672'),
	(124,1,'斜里町','2022-01-21 11:17:32.765575','2022-01-21 11:17:32.765575'),
	(125,1,'清里町','2022-01-21 11:17:32.802086','2022-01-21 11:17:32.802086'),
	(126,1,'小清水町','2022-01-21 11:17:32.862001','2022-01-21 11:17:32.862001'),
	(127,1,'訓子府町','2022-01-21 11:17:32.964668','2022-01-21 11:17:32.964668'),
	(128,1,'置戸町','2022-01-21 11:17:32.995554','2022-01-21 11:17:32.995554'),
	(129,1,'佐呂間町','2022-01-21 11:17:33.032077','2022-01-21 11:17:33.032077'),
	(130,1,'遠軽町','2022-01-21 11:17:33.062342','2022-01-21 11:17:33.062342'),
	(131,1,'湧別町','2022-01-21 11:17:33.095626','2022-01-21 11:17:33.095626'),
	(132,1,'滝上町','2022-01-21 11:17:33.228030','2022-01-21 11:17:33.228030'),
	(133,1,'興部町','2022-01-21 11:17:33.256017','2022-01-21 11:17:33.256017'),
	(134,1,'西興部村','2022-01-21 11:17:33.296104','2022-01-21 11:17:33.296104'),
	(135,1,'雄武町','2022-01-21 11:17:33.332260','2022-01-21 11:17:33.332260'),
	(136,1,'大空町','2022-01-21 11:17:33.427520','2022-01-21 11:17:33.427520'),
	(137,1,'豊浦町','2022-01-21 11:17:33.469322','2022-01-21 11:17:33.469322'),
	(138,1,'壮瞥町','2022-01-21 11:17:33.528403','2022-01-21 11:17:33.528403'),
	(139,1,'白老町','2022-01-21 11:17:33.566685','2022-01-21 11:17:33.566685'),
	(140,1,'厚真町','2022-01-21 11:17:33.599492','2022-01-21 11:17:33.599492'),
	(141,1,'洞爺湖町','2022-01-21 11:17:33.636583','2022-01-21 11:17:33.636583'),
	(142,1,'安平町','2022-01-21 11:17:33.706890','2022-01-21 11:17:33.706890'),
	(143,1,'むかわ町','2022-01-21 11:17:33.757865','2022-01-21 11:17:33.757865'),
	(144,1,'日高町','2022-01-21 11:17:33.805760','2022-01-21 11:17:33.805760'),
	(145,1,'平取町','2022-01-21 11:17:33.869591','2022-01-21 11:17:33.869591'),
	(146,1,'新冠町','2022-01-21 11:17:33.968291','2022-01-21 11:17:33.968291'),
	(147,1,'浦河町','2022-01-21 11:17:34.005907','2022-01-21 11:17:34.005907'),
	(148,1,'様似町','2022-01-21 11:17:34.125778','2022-01-21 11:17:34.125778'),
	(149,1,'えりも町','2022-01-21 11:17:34.226081','2022-01-21 11:17:34.226081'),
	(150,1,'新ひだか町','2022-01-21 11:17:34.271221','2022-01-21 11:17:34.271221'),
	(151,1,'音更町','2022-01-21 11:17:34.325902','2022-01-21 11:17:34.325902'),
	(152,1,'士幌町','2022-01-21 11:17:34.405276','2022-01-21 11:17:34.405276'),
	(153,1,'上士幌町','2022-01-21 11:17:34.463467','2022-01-21 11:17:34.463467'),
	(154,1,'鹿追町','2022-01-21 11:17:34.500429','2022-01-21 11:17:34.500429'),
	(155,1,'新得町','2022-01-21 11:17:34.538484','2022-01-21 11:17:34.538484'),
	(156,1,'清水町','2022-01-21 11:17:34.567082','2022-01-21 11:17:34.567082'),
	(157,1,'芽室町','2022-01-21 11:17:34.628329','2022-01-21 11:17:34.628329'),
	(158,1,'中札内村','2022-01-21 11:17:34.671543','2022-01-21 11:17:34.671543'),
	(159,1,'更別村','2022-01-21 11:17:34.716117','2022-01-21 11:17:34.716117'),
	(160,1,'大樹町','2022-01-21 11:17:34.799752','2022-01-21 11:17:34.799752'),
	(161,1,'広尾町','2022-01-21 11:17:35.062584','2022-01-21 11:17:35.062584'),
	(162,1,'幕別町','2022-01-21 11:17:35.335608','2022-01-21 11:17:35.335608'),
	(163,1,'池田町','2022-01-21 11:17:35.537890','2022-01-21 11:17:35.537890'),
	(164,1,'豊頃町','2022-01-21 11:17:35.724329','2022-01-21 11:17:35.724329'),
	(165,1,'本別町','2022-01-21 11:17:35.770562','2022-01-21 11:17:35.770562'),
	(166,1,'足寄町','2022-01-21 11:17:35.793728','2022-01-21 11:17:35.793728'),
	(167,1,'陸別町','2022-01-21 11:17:35.900664','2022-01-21 11:17:35.900664'),
	(168,1,'浦幌町','2022-01-21 11:17:35.956304','2022-01-21 11:17:35.956304'),
	(169,1,'釧路町','2022-01-21 11:17:36.021647','2022-01-21 11:17:36.021647'),
	(170,1,'厚岸町','2022-01-21 11:17:36.101809','2022-01-21 11:17:36.101809'),
	(171,1,'浜中町','2022-01-21 11:17:36.399933','2022-01-21 11:17:36.399933'),
	(172,1,'標茶町','2022-01-21 11:17:36.618525','2022-01-21 11:17:36.618525'),
	(173,1,'弟子屈町','2022-01-21 11:17:36.663351','2022-01-21 11:17:36.663351'),
	(174,1,'鶴居村','2022-01-21 11:17:37.427776','2022-01-21 11:17:37.427776'),
	(175,1,'白糠町','2022-01-21 11:17:37.792368','2022-01-21 11:17:37.792368'),
	(176,1,'別海町','2022-01-21 11:17:38.254871','2022-01-21 11:17:38.254871'),
	(177,1,'中標津町','2022-01-21 11:17:38.399779','2022-01-21 11:17:38.399779'),
	(178,1,'標津町','2022-01-21 11:17:38.601007','2022-01-21 11:17:38.601007'),
	(179,1,'羅臼町','2022-01-21 11:17:38.632787','2022-01-21 11:17:38.632787'),
	(180,1,'色丹村','2022-01-21 11:17:38.749461','2022-01-21 11:17:38.749461'),
	(181,1,'泊村','2022-01-21 11:17:38.788831','2022-01-21 11:17:38.788831'),
	(182,1,'留夜別村','2022-01-21 11:17:38.823864','2022-01-21 11:17:38.823864'),
	(183,1,'留別村','2022-01-21 11:17:38.898580','2022-01-21 11:17:38.898580'),
	(184,1,'紗那村','2022-01-21 11:17:38.979345','2022-01-21 11:17:38.979345'),
	(185,1,'蘂取村','2022-01-21 11:17:39.018040','2022-01-21 11:17:39.018040'),
	(186,2,'青森市','2022-01-21 11:17:39.086280','2022-01-21 11:17:39.086280'),
	(187,2,'弘前市','2022-01-21 11:17:39.162712','2022-01-21 11:17:39.162712'),
	(188,2,'八戸市','2022-01-21 11:17:39.218887','2022-01-21 11:17:39.218887'),
	(189,2,'黒石市','2022-01-21 11:17:39.254993','2022-01-21 11:17:39.254993'),
	(190,2,'五所川原市','2022-01-21 11:17:39.296713','2022-01-21 11:17:39.296713'),
	(191,2,'十和田市','2022-01-21 11:17:39.511474','2022-01-21 11:17:39.511474'),
	(192,2,'三沢市','2022-01-21 11:17:39.589744','2022-01-21 11:17:39.589744'),
	(193,2,'むつ市','2022-01-21 11:17:39.765122','2022-01-21 11:17:39.765122'),
	(194,2,'つがる市','2022-01-21 11:17:39.801924','2022-01-21 11:17:39.801924'),
	(195,2,'平川市','2022-01-21 11:17:39.873795','2022-01-21 11:17:39.873795'),
	(196,2,'平内町','2022-01-21 11:17:39.997195','2022-01-21 11:17:39.997195'),
	(197,2,'今別町','2022-01-21 11:17:40.058625','2022-01-21 11:17:40.058625'),
	(198,2,'蓬田村','2022-01-21 11:17:40.088821','2022-01-21 11:17:40.088821'),
	(199,2,'外ヶ浜町','2022-01-21 11:17:40.199809','2022-01-21 11:17:40.199809'),
	(200,2,'鰺ヶ沢町','2022-01-21 11:17:40.255959','2022-01-21 11:17:40.255959'),
	(201,2,'深浦町','2022-01-21 11:17:40.290788','2022-01-21 11:17:40.290788'),
	(202,2,'西目屋村','2022-01-21 11:17:40.344274','2022-01-21 11:17:40.344274'),
	(203,2,'藤崎町','2022-01-21 11:17:40.427873','2022-01-21 11:17:40.427873'),
	(204,2,'大鰐町','2022-01-21 11:17:40.509329','2022-01-21 11:17:40.509329'),
	(205,2,'田舎館村','2022-01-21 11:17:40.553953','2022-01-21 11:17:40.553953'),
	(206,2,'板柳町','2022-01-21 11:17:40.577864','2022-01-21 11:17:40.577864'),
	(207,2,'鶴田町','2022-01-21 11:17:40.621380','2022-01-21 11:17:40.621380'),
	(208,2,'中泊町','2022-01-21 11:17:40.699919','2022-01-21 11:17:40.699919'),
	(209,2,'野辺地町','2022-01-21 11:17:40.790325','2022-01-21 11:17:40.790325'),
	(210,2,'七戸町','2022-01-21 11:17:40.862175','2022-01-21 11:17:40.862175'),
	(211,2,'六戸町','2022-01-21 11:17:40.912306','2022-01-21 11:17:40.912306'),
	(212,2,'横浜町','2022-01-21 11:17:40.974339','2022-01-21 11:17:40.974339'),
	(213,2,'東北町','2022-01-21 11:17:41.015873','2022-01-21 11:17:41.015873'),
	(214,2,'六ヶ所村','2022-01-21 11:17:41.040915','2022-01-21 11:17:41.040915'),
	(215,2,'おいらせ町','2022-01-21 11:17:41.056558','2022-01-21 11:17:41.056558'),
	(216,2,'大間町','2022-01-21 11:17:41.090782','2022-01-21 11:17:41.090782'),
	(217,2,'東通村','2022-01-21 11:17:41.215782','2022-01-21 11:17:41.215782'),
	(218,2,'風間浦村','2022-01-21 11:17:41.278514','2022-01-21 11:17:41.278514'),
	(219,2,'佐井村','2022-01-21 11:17:41.326393','2022-01-21 11:17:41.326393'),
	(220,2,'三戸町','2022-01-21 11:17:41.606154','2022-01-21 11:17:41.606154'),
	(221,2,'五戸町','2022-01-21 11:17:41.665649','2022-01-21 11:17:41.665649'),
	(222,2,'田子町','2022-01-21 11:17:41.698270','2022-01-21 11:17:41.698270'),
	(223,2,'南部町','2022-01-21 11:17:41.722404','2022-01-21 11:17:41.722404'),
	(224,2,'階上町','2022-01-21 11:17:41.825515','2022-01-21 11:17:41.825515'),
	(225,2,'新郷村','2022-01-21 11:17:41.859106','2022-01-21 11:17:41.859106'),
	(226,3,'盛岡市','2022-01-21 11:17:41.896638','2022-01-21 11:17:41.896638'),
	(227,3,'宮古市','2022-01-21 11:17:41.924802','2022-01-21 11:17:41.924802'),
	(228,3,'大船渡市','2022-01-21 11:17:42.002654','2022-01-21 11:17:42.002654'),
	(229,3,'花巻市','2022-01-21 11:17:42.085698','2022-01-21 11:17:42.085698'),
	(230,3,'北上市','2022-01-21 11:17:42.128240','2022-01-21 11:17:42.128240'),
	(231,3,'久慈市','2022-01-21 11:17:42.192566','2022-01-21 11:17:42.192566'),
	(232,3,'遠野市','2022-01-21 11:17:42.242025','2022-01-21 11:17:42.242025'),
	(233,3,'一関市','2022-01-21 11:17:42.290292','2022-01-21 11:17:42.290292'),
	(234,3,'陸前高田市','2022-01-21 11:17:42.376882','2022-01-21 11:17:42.376882'),
	(235,3,'釜石市','2022-01-21 11:17:42.412764','2022-01-21 11:17:42.412764'),
	(236,3,'二戸市','2022-01-21 11:17:42.455526','2022-01-21 11:17:42.455526'),
	(237,3,'八幡平市','2022-01-21 11:17:42.587587','2022-01-21 11:17:42.587587'),
	(238,3,'奥州市','2022-01-21 11:17:42.653665','2022-01-21 11:17:42.653665'),
	(239,3,'滝沢市','2022-01-21 11:17:42.695672','2022-01-21 11:17:42.695672'),
	(240,3,'雫石町','2022-01-21 11:17:42.726328','2022-01-21 11:17:42.726328'),
	(241,3,'葛巻町','2022-01-21 11:17:42.827483','2022-01-21 11:17:42.827483'),
	(242,3,'岩手町','2022-01-21 11:17:42.880943','2022-01-21 11:17:42.880943'),
	(243,3,'紫波町','2022-01-21 11:17:42.911436','2022-01-21 11:17:42.911436'),
	(244,3,'矢巾町','2022-01-21 11:17:42.983887','2022-01-21 11:17:42.983887'),
	(245,3,'西和賀町','2022-01-21 11:17:43.021050','2022-01-21 11:17:43.021050'),
	(246,3,'金ケ崎町','2022-01-21 11:17:43.074194','2022-01-21 11:17:43.074194'),
	(247,3,'平泉町','2022-01-21 11:17:43.141374','2022-01-21 11:17:43.141374'),
	(248,3,'住田町','2022-01-21 11:17:43.222604','2022-01-21 11:17:43.222604'),
	(249,3,'大槌町','2022-01-21 11:17:43.281466','2022-01-21 11:17:43.281466'),
	(250,3,'山田町','2022-01-21 11:17:43.326165','2022-01-21 11:17:43.326165'),
	(251,3,'岩泉町','2022-01-21 11:17:43.377276','2022-01-21 11:17:43.377276'),
	(252,3,'田野畑村','2022-01-21 11:17:43.456720','2022-01-21 11:17:43.456720'),
	(253,3,'普代村','2022-01-21 11:17:43.506190','2022-01-21 11:17:43.506190'),
	(254,3,'軽米町','2022-01-21 11:17:43.539055','2022-01-21 11:17:43.539055'),
	(255,3,'野田村','2022-01-21 11:17:43.581244','2022-01-21 11:17:43.581244'),
	(256,3,'九戸村','2022-01-21 11:17:43.704421','2022-01-21 11:17:43.704421'),
	(257,3,'洋野町','2022-01-21 11:17:43.761834','2022-01-21 11:17:43.761834'),
	(258,3,'一戸町','2022-01-21 11:17:43.826676','2022-01-21 11:17:43.826676'),
	(259,4,'仙台市','2022-01-21 11:17:43.867542','2022-01-21 11:17:43.867542'),
	(260,4,'石巻市','2022-01-21 11:17:43.902983','2022-01-21 11:17:43.902983'),
	(261,4,'塩竈市','2022-01-21 11:17:43.945356','2022-01-21 11:17:43.945356'),
	(262,4,'気仙沼市','2022-01-21 11:17:44.008694','2022-01-21 11:17:44.008694'),
	(263,4,'白石市','2022-01-21 11:17:44.085825','2022-01-21 11:17:44.085825'),
	(264,4,'名取市','2022-01-21 11:17:44.130290','2022-01-21 11:17:44.130290'),
	(265,4,'角田市','2022-01-21 11:17:44.209935','2022-01-21 11:17:44.209935'),
	(266,4,'多賀城市','2022-01-21 11:17:44.253765','2022-01-21 11:17:44.253765'),
	(267,4,'岩沼市','2022-01-21 11:17:44.305330','2022-01-21 11:17:44.305330'),
	(268,4,'登米市','2022-01-21 11:17:44.344637','2022-01-21 11:17:44.344637'),
	(269,4,'栗原市','2022-01-21 11:17:44.447618','2022-01-21 11:17:44.447618'),
	(270,4,'東松島市','2022-01-21 11:17:44.477106','2022-01-21 11:17:44.477106'),
	(271,4,'大崎市','2022-01-21 11:17:44.527912','2022-01-21 11:17:44.527912'),
	(272,4,'富谷市','2022-01-21 11:17:44.581666','2022-01-21 11:17:44.581666'),
	(273,4,'蔵王町','2022-01-21 11:17:44.640539','2022-01-21 11:17:44.640539'),
	(274,4,'七ヶ宿町','2022-01-21 11:17:44.712227','2022-01-21 11:17:44.712227'),
	(275,4,'大河原町','2022-01-21 11:17:44.847843','2022-01-21 11:17:44.847843'),
	(276,4,'村田町','2022-01-21 11:17:44.903068','2022-01-21 11:17:44.903068'),
	(277,4,'柴田町','2022-01-21 11:17:44.977249','2022-01-21 11:17:44.977249'),
	(278,4,'川崎町','2022-01-21 11:17:45.146772','2022-01-21 11:17:45.146772'),
	(279,4,'丸森町','2022-01-21 11:17:45.179929','2022-01-21 11:17:45.179929'),
	(280,4,'亘理町','2022-01-21 11:17:45.217498','2022-01-21 11:17:45.217498'),
	(281,4,'山元町','2022-01-21 11:17:45.284705','2022-01-21 11:17:45.284705'),
	(282,4,'松島町','2022-01-21 11:17:45.384917','2022-01-21 11:17:45.384917'),
	(283,4,'七ヶ浜町','2022-01-21 11:17:45.412446','2022-01-21 11:17:45.412446'),
	(284,4,'利府町','2022-01-21 11:17:45.476823','2022-01-21 11:17:45.476823'),
	(285,4,'大和町','2022-01-21 11:17:45.518739','2022-01-21 11:17:45.518739'),
	(286,4,'大郷町','2022-01-21 11:17:45.584505','2022-01-21 11:17:45.584505'),
	(287,4,'大衡村','2022-01-21 11:17:45.638994','2022-01-21 11:17:45.638994'),
	(288,4,'色麻町','2022-01-21 11:17:45.777618','2022-01-21 11:17:45.777618'),
	(289,4,'加美町','2022-01-21 11:17:45.857627','2022-01-21 11:17:45.857627'),
	(290,4,'涌谷町','2022-01-21 11:17:45.920605','2022-01-21 11:17:45.920605'),
	(291,4,'美里町','2022-01-21 11:17:45.978598','2022-01-21 11:17:45.978598'),
	(292,4,'女川町','2022-01-21 11:17:46.038571','2022-01-21 11:17:46.038571'),
	(293,4,'南三陸町','2022-01-21 11:17:46.087311','2022-01-21 11:17:46.087311'),
	(294,5,'秋田市','2022-01-21 11:17:46.117231','2022-01-21 11:17:46.117231'),
	(295,5,'能代市','2022-01-21 11:17:46.183769','2022-01-21 11:17:46.183769'),
	(296,5,'横手市','2022-01-21 11:17:46.256679','2022-01-21 11:17:46.256679'),
	(297,5,'大館市','2022-01-21 11:17:46.322836','2022-01-21 11:17:46.322836'),
	(298,5,'男鹿市','2022-01-21 11:17:46.401646','2022-01-21 11:17:46.401646'),
	(299,5,'湯沢市','2022-01-21 11:17:46.450678','2022-01-21 11:17:46.450678'),
	(300,5,'鹿角市','2022-01-21 11:17:46.507400','2022-01-21 11:17:46.507400'),
	(301,5,'由利本荘市','2022-01-21 11:17:46.547044','2022-01-21 11:17:46.547044'),
	(302,5,'潟上市','2022-01-21 11:17:46.600633','2022-01-21 11:17:46.600633'),
	(303,5,'大仙市','2022-01-21 11:17:46.743273','2022-01-21 11:17:46.743273'),
	(304,5,'北秋田市','2022-01-21 11:17:46.778431','2022-01-21 11:17:46.778431'),
	(305,5,'にかほ市','2022-01-21 11:17:46.825765','2022-01-21 11:17:46.825765'),
	(306,5,'仙北市','2022-01-21 11:17:46.932540','2022-01-21 11:17:46.932540'),
	(307,5,'小坂町','2022-01-21 11:17:47.008925','2022-01-21 11:17:47.008925'),
	(308,5,'上小阿仁村','2022-01-21 11:17:47.047304','2022-01-21 11:17:47.047304'),
	(309,5,'藤里町','2022-01-21 11:17:47.150012','2022-01-21 11:17:47.150012'),
	(310,5,'三種町','2022-01-21 11:17:47.329966','2022-01-21 11:17:47.329966'),
	(311,5,'八峰町','2022-01-21 11:17:47.444624','2022-01-21 11:17:47.444624'),
	(312,5,'五城目町','2022-01-21 11:17:47.652056','2022-01-21 11:17:47.652056'),
	(313,5,'八郎潟町','2022-01-21 11:17:47.865233','2022-01-21 11:17:47.865233'),
	(314,5,'井川町','2022-01-21 11:17:47.947173','2022-01-21 11:17:47.947173'),
	(315,5,'大潟村','2022-01-21 11:17:48.082677','2022-01-21 11:17:48.082677'),
	(316,5,'美郷町','2022-01-21 11:17:48.242607','2022-01-21 11:17:48.242607'),
	(317,5,'羽後町','2022-01-21 11:17:49.043608','2022-01-21 11:17:49.043608'),
	(318,5,'東成瀬村','2022-01-21 11:17:49.078268','2022-01-21 11:17:49.078268'),
	(319,6,'山形市','2022-01-21 11:17:49.112719','2022-01-21 11:17:49.112719'),
	(320,6,'米沢市','2022-01-21 11:17:49.316491','2022-01-21 11:17:49.316491'),
	(321,6,'鶴岡市','2022-01-21 11:17:49.412321','2022-01-21 11:17:49.412321'),
	(322,6,'酒田市','2022-01-21 11:17:49.530527','2022-01-21 11:17:49.530527'),
	(323,6,'新庄市','2022-01-21 11:17:49.647302','2022-01-21 11:17:49.647302'),
	(324,6,'寒河江市','2022-01-21 11:17:49.889554','2022-01-21 11:17:49.889554'),
	(325,6,'上山市','2022-01-21 11:17:49.926583','2022-01-21 11:17:49.926583'),
	(326,6,'村山市','2022-01-21 11:17:49.949943','2022-01-21 11:17:49.949943'),
	(327,6,'長井市','2022-01-21 11:17:49.981270','2022-01-21 11:17:49.981270'),
	(328,6,'天童市','2022-01-21 11:17:50.165895','2022-01-21 11:17:50.165895'),
	(329,6,'東根市','2022-01-21 11:17:50.272502','2022-01-21 11:17:50.272502'),
	(330,6,'尾花沢市','2022-01-21 11:17:50.334440','2022-01-21 11:17:50.334440'),
	(331,6,'南陽市','2022-01-21 11:17:50.390115','2022-01-21 11:17:50.390115'),
	(332,6,'山辺町','2022-01-21 11:17:50.457361','2022-01-21 11:17:50.457361'),
	(333,6,'中山町','2022-01-21 11:17:50.642189','2022-01-21 11:17:50.642189'),
	(334,6,'河北町','2022-01-21 11:17:50.708514','2022-01-21 11:17:50.708514'),
	(335,6,'西川町','2022-01-21 11:17:50.846667','2022-01-21 11:17:50.846667'),
	(336,6,'朝日町','2022-01-21 11:17:50.980737','2022-01-21 11:17:50.980737'),
	(337,6,'大江町','2022-01-21 11:17:51.131331','2022-01-21 11:17:51.131331'),
	(338,6,'大石田町','2022-01-21 11:17:51.165275','2022-01-21 11:17:51.165275'),
	(339,6,'金山町','2022-01-21 11:17:51.190781','2022-01-21 11:17:51.190781'),
	(340,6,'最上町','2022-01-21 11:17:51.214711','2022-01-21 11:17:51.214711'),
	(341,6,'舟形町','2022-01-21 11:17:51.315072','2022-01-21 11:17:51.315072'),
	(342,6,'真室川町','2022-01-21 11:17:51.428954','2022-01-21 11:17:51.428954'),
	(343,6,'大蔵村','2022-01-21 11:17:51.471713','2022-01-21 11:17:51.471713'),
	(344,6,'鮭川村','2022-01-21 11:17:51.531268','2022-01-21 11:17:51.531268'),
	(345,6,'戸沢村','2022-01-21 11:17:51.566314','2022-01-21 11:17:51.566314'),
	(346,6,'高畠町','2022-01-21 11:17:51.745168','2022-01-21 11:17:51.745168'),
	(347,6,'川西町','2022-01-21 11:17:51.895672','2022-01-21 11:17:51.895672'),
	(348,6,'小国町','2022-01-21 11:17:52.014868','2022-01-21 11:17:52.014868'),
	(349,6,'白鷹町','2022-01-21 11:17:52.270126','2022-01-21 11:17:52.270126'),
	(350,6,'飯豊町','2022-01-21 11:17:52.338840','2022-01-21 11:17:52.338840'),
	(351,6,'三川町','2022-01-21 11:17:52.528503','2022-01-21 11:17:52.528503'),
	(352,6,'庄内町','2022-01-21 11:17:52.698338','2022-01-21 11:17:52.698338'),
	(353,6,'遊佐町','2022-01-21 11:17:52.770185','2022-01-21 11:17:52.770185'),
	(354,7,'福島市','2022-01-21 11:17:52.866389','2022-01-21 11:17:52.866389'),
	(355,7,'会津若松市','2022-01-21 11:17:52.925643','2022-01-21 11:17:52.925643'),
	(356,7,'郡山市','2022-01-21 11:17:52.947560','2022-01-21 11:17:52.947560'),
	(357,7,'いわき市','2022-01-21 11:17:52.978461','2022-01-21 11:17:52.978461'),
	(358,7,'白河市','2022-01-21 11:17:53.000132','2022-01-21 11:17:53.000132'),
	(359,7,'須賀川市','2022-01-21 11:17:53.067678','2022-01-21 11:17:53.067678'),
	(360,7,'喜多方市','2022-01-21 11:17:53.111986','2022-01-21 11:17:53.111986'),
	(361,7,'相馬市','2022-01-21 11:17:53.178382','2022-01-21 11:17:53.178382'),
	(362,7,'二本松市','2022-01-21 11:17:53.234262','2022-01-21 11:17:53.234262'),
	(363,7,'田村市','2022-01-21 11:17:53.313595','2022-01-21 11:17:53.313595'),
	(364,7,'南相馬市','2022-01-21 11:17:53.349086','2022-01-21 11:17:53.349086'),
	(365,7,'伊達市','2022-01-21 11:17:53.386347','2022-01-21 11:17:53.386347'),
	(366,7,'本宮市','2022-01-21 11:17:53.428649','2022-01-21 11:17:53.428649'),
	(367,7,'桑折町','2022-01-21 11:17:53.490357','2022-01-21 11:17:53.490357'),
	(368,7,'国見町','2022-01-21 11:17:53.575483','2022-01-21 11:17:53.575483'),
	(369,7,'川俣町','2022-01-21 11:17:53.629955','2022-01-21 11:17:53.629955'),
	(370,7,'大玉村','2022-01-21 11:17:53.654025','2022-01-21 11:17:53.654025'),
	(371,7,'鏡石町','2022-01-21 11:17:53.668605','2022-01-21 11:17:53.668605'),
	(372,7,'天栄村','2022-01-21 11:17:53.708978','2022-01-21 11:17:53.708978'),
	(373,7,'下郷町','2022-01-21 11:17:53.761291','2022-01-21 11:17:53.761291'),
	(374,7,'檜枝岐村','2022-01-21 11:17:53.890069','2022-01-21 11:17:53.890069'),
	(375,7,'只見町','2022-01-21 11:17:53.926769','2022-01-21 11:17:53.926769'),
	(376,7,'南会津町','2022-01-21 11:17:53.944180','2022-01-21 11:17:53.944180'),
	(377,7,'北塩原村','2022-01-21 11:17:54.005386','2022-01-21 11:17:54.005386'),
	(378,7,'西会津町','2022-01-21 11:17:54.061030','2022-01-21 11:17:54.061030'),
	(379,7,'磐梯町','2022-01-21 11:17:54.103499','2022-01-21 11:17:54.103499'),
	(380,7,'猪苗代町','2022-01-21 11:17:54.150908','2022-01-21 11:17:54.150908'),
	(381,7,'会津坂下町','2022-01-21 11:17:54.190789','2022-01-21 11:17:54.190789'),
	(382,7,'湯川村','2022-01-21 11:17:54.240015','2022-01-21 11:17:54.240015'),
	(383,7,'柳津町','2022-01-21 11:17:54.290979','2022-01-21 11:17:54.290979'),
	(384,7,'三島町','2022-01-21 11:17:54.339345','2022-01-21 11:17:54.339345'),
	(385,7,'金山町','2022-01-21 11:17:54.390871','2022-01-21 11:17:54.390871'),
	(386,7,'昭和村','2022-01-21 11:17:54.435726','2022-01-21 11:17:54.435726'),
	(387,7,'会津美里町','2022-01-21 11:17:54.472960','2022-01-21 11:17:54.472960'),
	(388,7,'西郷村','2022-01-21 11:17:54.529675','2022-01-21 11:17:54.529675'),
	(389,7,'泉崎村','2022-01-21 11:17:54.586890','2022-01-21 11:17:54.586890'),
	(390,7,'中島村','2022-01-21 11:17:54.612148','2022-01-21 11:17:54.612148'),
	(391,7,'矢吹町','2022-01-21 11:17:54.653818','2022-01-21 11:17:54.653818'),
	(392,7,'棚倉町','2022-01-21 11:17:54.746047','2022-01-21 11:17:54.746047'),
	(393,7,'矢祭町','2022-01-21 11:17:54.807189','2022-01-21 11:17:54.807189'),
	(394,7,'塙町','2022-01-21 11:17:54.990516','2022-01-21 11:17:54.990516'),
	(395,7,'鮫川村','2022-01-21 11:17:55.121897','2022-01-21 11:17:55.121897'),
	(396,7,'石川町','2022-01-21 11:17:55.156372','2022-01-21 11:17:55.156372'),
	(397,7,'玉川村','2022-01-21 11:17:55.195375','2022-01-21 11:17:55.195375'),
	(398,7,'平田村','2022-01-21 11:17:55.275091','2022-01-21 11:17:55.275091'),
	(399,7,'浅川町','2022-01-21 11:17:55.338385','2022-01-21 11:17:55.338385'),
	(400,7,'古殿町','2022-01-21 11:17:55.384495','2022-01-21 11:17:55.384495'),
	(401,7,'三春町','2022-01-21 11:17:55.427704','2022-01-21 11:17:55.427704'),
	(402,7,'小野町','2022-01-21 11:17:55.487785','2022-01-21 11:17:55.487785'),
	(403,7,'広野町','2022-01-21 11:17:55.532700','2022-01-21 11:17:55.532700'),
	(404,7,'楢葉町','2022-01-21 11:17:55.559406','2022-01-21 11:17:55.559406'),
	(405,7,'富岡町','2022-01-21 11:17:55.594947','2022-01-21 11:17:55.594947'),
	(406,7,'川内村','2022-01-21 11:17:55.655637','2022-01-21 11:17:55.655637'),
	(407,7,'大熊町','2022-01-21 11:17:55.715374','2022-01-21 11:17:55.715374'),
	(408,7,'双葉町','2022-01-21 11:17:55.772573','2022-01-21 11:17:55.772573'),
	(409,7,'浪江町','2022-01-21 11:17:55.801782','2022-01-21 11:17:55.801782'),
	(410,7,'葛尾村','2022-01-21 11:17:55.860324','2022-01-21 11:17:55.860324'),
	(411,7,'新地町','2022-01-21 11:17:55.898946','2022-01-21 11:17:55.898946'),
	(412,7,'飯舘村','2022-01-21 11:17:55.937065','2022-01-21 11:17:55.937065'),
	(413,8,'水戸市','2022-01-21 11:17:55.988629','2022-01-21 11:17:55.988629'),
	(414,8,'日立市','2022-01-21 11:17:56.053213','2022-01-21 11:17:56.053213'),
	(415,8,'土浦市','2022-01-21 11:17:56.303300','2022-01-21 11:17:56.303300'),
	(416,8,'古河市','2022-01-21 11:17:56.389304','2022-01-21 11:17:56.389304'),
	(417,8,'石岡市','2022-01-21 11:17:56.447066','2022-01-21 11:17:56.447066'),
	(418,8,'結城市','2022-01-21 11:17:56.489945','2022-01-21 11:17:56.489945'),
	(419,8,'龍ケ崎市','2022-01-21 11:17:56.560706','2022-01-21 11:17:56.560706'),
	(420,8,'下妻市','2022-01-21 11:17:56.594372','2022-01-21 11:17:56.594372'),
	(421,8,'常総市','2022-01-21 11:17:56.621963','2022-01-21 11:17:56.621963'),
	(422,8,'常陸太田市','2022-01-21 11:17:56.767039','2022-01-21 11:17:56.767039'),
	(423,8,'高萩市','2022-01-21 11:17:56.793404','2022-01-21 11:17:56.793404'),
	(424,8,'北茨城市','2022-01-21 11:17:56.820483','2022-01-21 11:17:56.820483'),
	(425,8,'笠間市','2022-01-21 11:17:56.857827','2022-01-21 11:17:56.857827'),
	(426,8,'取手市','2022-01-21 11:17:56.925500','2022-01-21 11:17:56.925500'),
	(427,8,'牛久市','2022-01-21 11:17:56.991903','2022-01-21 11:17:56.991903'),
	(428,8,'つくば市','2022-01-21 11:17:57.058896','2022-01-21 11:17:57.058896'),
	(429,8,'ひたちなか市','2022-01-21 11:17:57.125777','2022-01-21 11:17:57.125777'),
	(430,8,'鹿嶋市','2022-01-21 11:17:57.156676','2022-01-21 11:17:57.156676'),
	(431,8,'潮来市','2022-01-21 11:17:57.202098','2022-01-21 11:17:57.202098'),
	(432,8,'守谷市','2022-01-21 11:17:57.290989','2022-01-21 11:17:57.290989'),
	(433,8,'常陸大宮市','2022-01-21 11:17:57.312825','2022-01-21 11:17:57.312825'),
	(434,8,'那珂市','2022-01-21 11:17:57.344095','2022-01-21 11:17:57.344095'),
	(435,8,'筑西市','2022-01-21 11:17:57.366869','2022-01-21 11:17:57.366869'),
	(436,8,'坂東市','2022-01-21 11:17:57.400514','2022-01-21 11:17:57.400514'),
	(437,8,'稲敷市','2022-01-21 11:17:57.458692','2022-01-21 11:17:57.458692'),
	(438,8,'かすみがうら市','2022-01-21 11:17:57.512403','2022-01-21 11:17:57.512403'),
	(439,8,'桜川市','2022-01-21 11:17:57.554091','2022-01-21 11:17:57.554091'),
	(440,8,'神栖市','2022-01-21 11:17:57.606467','2022-01-21 11:17:57.606467'),
	(441,8,'行方市','2022-01-21 11:17:57.686608','2022-01-21 11:17:57.686608'),
	(442,8,'鉾田市','2022-01-21 11:17:57.730840','2022-01-21 11:17:57.730840'),
	(443,8,'つくばみらい市','2022-01-21 11:17:57.769860','2022-01-21 11:17:57.769860'),
	(444,8,'小美玉市','2022-01-21 11:17:57.798996','2022-01-21 11:17:57.798996'),
	(445,8,'茨城町','2022-01-21 11:17:57.863773','2022-01-21 11:17:57.863773'),
	(446,8,'大洗町','2022-01-21 11:17:57.889960','2022-01-21 11:17:57.889960'),
	(447,8,'城里町','2022-01-21 11:17:57.912414','2022-01-21 11:17:57.912414'),
	(448,8,'東海村','2022-01-21 11:17:57.968444','2022-01-21 11:17:57.968444'),
	(449,8,'大子町','2022-01-21 11:17:58.008908','2022-01-21 11:17:58.008908'),
	(450,8,'美浦村','2022-01-21 11:17:58.065862','2022-01-21 11:17:58.065862'),
	(451,8,'阿見町','2022-01-21 11:17:58.098126','2022-01-21 11:17:58.098126'),
	(452,8,'河内町','2022-01-21 11:17:58.125093','2022-01-21 11:17:58.125093'),
	(453,8,'八千代町','2022-01-21 11:17:58.140197','2022-01-21 11:17:58.140197'),
	(454,8,'五霞町','2022-01-21 11:17:58.166048','2022-01-21 11:17:58.166048'),
	(455,8,'境町','2022-01-21 11:17:58.182347','2022-01-21 11:17:58.182347'),
	(456,8,'利根町','2022-01-21 11:17:58.208896','2022-01-21 11:17:58.208896'),
	(457,9,'宇都宮市','2022-01-21 11:17:58.240985','2022-01-21 11:17:58.240985'),
	(458,9,'足利市','2022-01-21 11:17:58.301054','2022-01-21 11:17:58.301054'),
	(459,9,'栃木市','2022-01-21 11:17:58.358989','2022-01-21 11:17:58.358989'),
	(460,9,'佐野市','2022-01-21 11:17:58.391831','2022-01-21 11:17:58.391831'),
	(461,9,'鹿沼市','2022-01-21 11:17:58.410015','2022-01-21 11:17:58.410015'),
	(462,9,'日光市','2022-01-21 11:17:58.471137','2022-01-21 11:17:58.471137'),
	(463,9,'小山市','2022-01-21 11:17:58.534481','2022-01-21 11:17:58.534481'),
	(464,9,'真岡市','2022-01-21 11:17:58.564392','2022-01-21 11:17:58.564392'),
	(465,9,'大田原市','2022-01-21 11:17:58.587984','2022-01-21 11:17:58.587984'),
	(466,9,'矢板市','2022-01-21 11:17:58.633986','2022-01-21 11:17:58.633986'),
	(467,9,'那須塩原市','2022-01-21 11:17:58.705383','2022-01-21 11:17:58.705383'),
	(468,9,'さくら市','2022-01-21 11:17:58.773297','2022-01-21 11:17:58.773297'),
	(469,9,'那須烏山市','2022-01-21 11:17:58.810157','2022-01-21 11:17:58.810157'),
	(470,9,'下野市','2022-01-21 11:17:58.985871','2022-01-21 11:17:58.985871'),
	(471,9,'上三川町','2022-01-21 11:17:59.013895','2022-01-21 11:17:59.013895'),
	(472,9,'益子町','2022-01-21 11:17:59.073248','2022-01-21 11:17:59.073248'),
	(473,9,'茂木町','2022-01-21 11:17:59.098815','2022-01-21 11:17:59.098815'),
	(474,9,'市貝町','2022-01-21 11:17:59.166863','2022-01-21 11:17:59.166863'),
	(475,9,'芳賀町','2022-01-21 11:17:59.207641','2022-01-21 11:17:59.207641'),
	(476,9,'壬生町','2022-01-21 11:17:59.272058','2022-01-21 11:17:59.272058'),
	(477,9,'野木町','2022-01-21 11:17:59.301628','2022-01-21 11:17:59.301628'),
	(478,9,'塩谷町','2022-01-21 11:17:59.337896','2022-01-21 11:17:59.337896'),
	(479,9,'高根沢町','2022-01-21 11:17:59.396971','2022-01-21 11:17:59.396971'),
	(480,9,'那須町','2022-01-21 11:17:59.459857','2022-01-21 11:17:59.459857'),
	(481,9,'那珂川町','2022-01-21 11:17:59.485014','2022-01-21 11:17:59.485014'),
	(482,10,'前橋市','2022-01-21 11:17:59.535959','2022-01-21 11:17:59.535959'),
	(483,10,'高崎市','2022-01-21 11:17:59.570181','2022-01-21 11:17:59.570181'),
	(484,10,'桐生市','2022-01-21 11:17:59.605381','2022-01-21 11:17:59.605381'),
	(485,10,'伊勢崎市','2022-01-21 11:17:59.691690','2022-01-21 11:17:59.691690'),
	(486,10,'太田市','2022-01-21 11:17:59.760269','2022-01-21 11:17:59.760269'),
	(487,10,'沼田市','2022-01-21 11:17:59.797272','2022-01-21 11:17:59.797272'),
	(488,10,'館林市','2022-01-21 11:17:59.938052','2022-01-21 11:17:59.938052'),
	(489,10,'渋川市','2022-01-21 11:18:00.025245','2022-01-21 11:18:00.025245'),
	(490,10,'藤岡市','2022-01-21 11:18:00.090373','2022-01-21 11:18:00.090373'),
	(491,10,'富岡市','2022-01-21 11:18:00.140760','2022-01-21 11:18:00.140760'),
	(492,10,'安中市','2022-01-21 11:18:00.213847','2022-01-21 11:18:00.213847'),
	(493,10,'みどり市','2022-01-21 11:18:00.279354','2022-01-21 11:18:00.279354'),
	(494,10,'榛東村','2022-01-21 11:18:00.310834','2022-01-21 11:18:00.310834'),
	(495,10,'吉岡町','2022-01-21 11:18:00.374448','2022-01-21 11:18:00.374448'),
	(496,10,'上野村','2022-01-21 11:18:00.402627','2022-01-21 11:18:00.402627'),
	(497,10,'神流町','2022-01-21 11:18:00.454054','2022-01-21 11:18:00.454054'),
	(498,10,'下仁田町','2022-01-21 11:18:00.492417','2022-01-21 11:18:00.492417'),
	(499,10,'南牧村','2022-01-21 11:18:00.520172','2022-01-21 11:18:00.520172'),
	(500,10,'甘楽町','2022-01-21 11:18:00.550556','2022-01-21 11:18:00.550556'),
	(501,10,'中之条町','2022-01-21 11:18:00.584727','2022-01-21 11:18:00.584727'),
	(502,10,'長野原町','2022-01-21 11:18:00.620858','2022-01-21 11:18:00.620858'),
	(503,10,'嬬恋村','2022-01-21 11:18:00.672480','2022-01-21 11:18:00.672480'),
	(504,10,'草津町','2022-01-21 11:18:00.757508','2022-01-21 11:18:00.757508'),
	(505,10,'高山村','2022-01-21 11:18:00.794284','2022-01-21 11:18:00.794284'),
	(506,10,'東吾妻町','2022-01-21 11:18:00.843008','2022-01-21 11:18:00.843008'),
	(507,10,'片品村','2022-01-21 11:18:00.920670','2022-01-21 11:18:00.920670'),
	(508,10,'川場村','2022-01-21 11:18:00.962540','2022-01-21 11:18:00.962540'),
	(509,10,'昭和村','2022-01-21 11:18:01.005975','2022-01-21 11:18:01.005975'),
	(510,10,'みなかみ町','2022-01-21 11:18:01.121306','2022-01-21 11:18:01.121306'),
	(511,10,'玉村町','2022-01-21 11:18:01.152525','2022-01-21 11:18:01.152525'),
	(512,10,'板倉町','2022-01-21 11:18:01.191753','2022-01-21 11:18:01.191753'),
	(513,10,'明和町','2022-01-21 11:18:01.223797','2022-01-21 11:18:01.223797'),
	(514,10,'千代田町','2022-01-21 11:18:01.291413','2022-01-21 11:18:01.291413'),
	(515,10,'大泉町','2022-01-21 11:18:01.373591','2022-01-21 11:18:01.373591'),
	(516,10,'邑楽町','2022-01-21 11:18:01.420952','2022-01-21 11:18:01.420952'),
	(517,11,'さいたま市','2022-01-21 11:18:01.460847','2022-01-21 11:18:01.460847'),
	(518,11,'川越市','2022-01-21 11:18:01.527354','2022-01-21 11:18:01.527354'),
	(519,11,'熊谷市','2022-01-21 11:18:01.589348','2022-01-21 11:18:01.589348'),
	(520,11,'川口市','2022-01-21 11:18:01.622415','2022-01-21 11:18:01.622415'),
	(521,11,'行田市','2022-01-21 11:18:01.671164','2022-01-21 11:18:01.671164'),
	(522,11,'秩父市','2022-01-21 11:18:01.722819','2022-01-21 11:18:01.722819'),
	(523,11,'所沢市','2022-01-21 11:18:01.828590','2022-01-21 11:18:01.828590'),
	(524,11,'飯能市','2022-01-21 11:18:01.895850','2022-01-21 11:18:01.895850'),
	(525,11,'加須市','2022-01-21 11:18:01.935245','2022-01-21 11:18:01.935245'),
	(526,11,'本庄市','2022-01-21 11:18:01.994328','2022-01-21 11:18:01.994328'),
	(527,11,'東松山市','2022-01-21 11:18:02.033827','2022-01-21 11:18:02.033827'),
	(528,11,'春日部市','2022-01-21 11:18:02.091907','2022-01-21 11:18:02.091907'),
	(529,11,'狭山市','2022-01-21 11:18:02.133000','2022-01-21 11:18:02.133000'),
	(530,11,'羽生市','2022-01-21 11:18:02.196270','2022-01-21 11:18:02.196270'),
	(531,11,'鴻巣市','2022-01-21 11:18:02.268430','2022-01-21 11:18:02.268430'),
	(532,11,'深谷市','2022-01-21 11:18:02.351572','2022-01-21 11:18:02.351572'),
	(533,11,'上尾市','2022-01-21 11:18:02.391482','2022-01-21 11:18:02.391482'),
	(534,11,'草加市','2022-01-21 11:18:02.435808','2022-01-21 11:18:02.435808'),
	(535,11,'越谷市','2022-01-21 11:18:02.513934','2022-01-21 11:18:02.513934'),
	(536,11,'蕨市','2022-01-21 11:18:02.563938','2022-01-21 11:18:02.563938'),
	(537,11,'戸田市','2022-01-21 11:18:02.630529','2022-01-21 11:18:02.630529'),
	(538,11,'入間市','2022-01-21 11:18:02.690189','2022-01-21 11:18:02.690189'),
	(539,11,'朝霞市','2022-01-21 11:18:02.766917','2022-01-21 11:18:02.766917'),
	(540,11,'志木市','2022-01-21 11:18:02.817470','2022-01-21 11:18:02.817470'),
	(541,11,'和光市','2022-01-21 11:18:02.857557','2022-01-21 11:18:02.857557'),
	(542,11,'新座市','2022-01-21 11:18:02.916303','2022-01-21 11:18:02.916303'),
	(543,11,'桶川市','2022-01-21 11:18:02.942721','2022-01-21 11:18:02.942721'),
	(544,11,'久喜市','2022-01-21 11:18:02.998857','2022-01-21 11:18:02.998857'),
	(545,11,'北本市','2022-01-21 11:18:03.122105','2022-01-21 11:18:03.122105'),
	(546,11,'八潮市','2022-01-21 11:18:03.165374','2022-01-21 11:18:03.165374'),
	(547,11,'富士見市','2022-01-21 11:18:03.214852','2022-01-21 11:18:03.214852'),
	(548,11,'三郷市','2022-01-21 11:18:03.260544','2022-01-21 11:18:03.260544'),
	(549,11,'蓮田市','2022-01-21 11:18:03.346905','2022-01-21 11:18:03.346905'),
	(550,11,'坂戸市','2022-01-21 11:18:03.387265','2022-01-21 11:18:03.387265'),
	(551,11,'幸手市','2022-01-21 11:18:03.420707','2022-01-21 11:18:03.420707'),
	(552,11,'鶴ヶ島市','2022-01-21 11:18:03.461827','2022-01-21 11:18:03.461827'),
	(553,11,'日高市','2022-01-21 11:18:03.498443','2022-01-21 11:18:03.498443'),
	(554,11,'吉川市','2022-01-21 11:18:03.624146','2022-01-21 11:18:03.624146'),
	(555,11,'ふじみ野市','2022-01-21 11:18:03.731923','2022-01-21 11:18:03.731923'),
	(556,11,'白岡市','2022-01-21 11:18:03.799090','2022-01-21 11:18:03.799090'),
	(557,11,'伊奈町','2022-01-21 11:18:03.898066','2022-01-21 11:18:03.898066'),
	(558,11,'三芳町','2022-01-21 11:18:03.982939','2022-01-21 11:18:03.982939'),
	(559,11,'毛呂山町','2022-01-21 11:18:04.082191','2022-01-21 11:18:04.082191'),
	(560,11,'越生町','2022-01-21 11:18:04.130063','2022-01-21 11:18:04.130063'),
	(561,11,'滑川町','2022-01-21 11:18:04.183806','2022-01-21 11:18:04.183806'),
	(562,11,'嵐山町','2022-01-21 11:18:04.220026','2022-01-21 11:18:04.220026'),
	(563,11,'小川町','2022-01-21 11:18:04.291438','2022-01-21 11:18:04.291438'),
	(564,11,'川島町','2022-01-21 11:18:04.335678','2022-01-21 11:18:04.335678'),
	(565,11,'吉見町','2022-01-21 11:18:04.403561','2022-01-21 11:18:04.403561'),
	(566,11,'鳩山町','2022-01-21 11:18:04.505216','2022-01-21 11:18:04.505216'),
	(567,11,'ときがわ町','2022-01-21 11:18:04.548310','2022-01-21 11:18:04.548310'),
	(568,11,'横瀬町','2022-01-21 11:18:04.582374','2022-01-21 11:18:04.582374'),
	(569,11,'皆野町','2022-01-21 11:18:04.650489','2022-01-21 11:18:04.650489'),
	(570,11,'長瀞町','2022-01-21 11:18:04.761678','2022-01-21 11:18:04.761678'),
	(571,11,'小鹿野町','2022-01-21 11:18:04.814082','2022-01-21 11:18:04.814082'),
	(572,11,'東秩父村','2022-01-21 11:18:04.996704','2022-01-21 11:18:04.996704'),
	(573,11,'美里町','2022-01-21 11:18:05.031148','2022-01-21 11:18:05.031148'),
	(574,11,'神川町','2022-01-21 11:18:05.075782','2022-01-21 11:18:05.075782'),
	(575,11,'上里町','2022-01-21 11:18:05.134681','2022-01-21 11:18:05.134681'),
	(576,11,'寄居町','2022-01-21 11:18:05.196218','2022-01-21 11:18:05.196218'),
	(577,11,'宮代町','2022-01-21 11:18:05.265891','2022-01-21 11:18:05.265891'),
	(578,11,'杉戸町','2022-01-21 11:18:05.302099','2022-01-21 11:18:05.302099'),
	(579,11,'松伏町','2022-01-21 11:18:05.339681','2022-01-21 11:18:05.339681'),
	(580,12,'千葉市','2022-01-21 11:18:05.387210','2022-01-21 11:18:05.387210'),
	(581,12,'銚子市','2022-01-21 11:18:05.445028','2022-01-21 11:18:05.445028'),
	(582,12,'市川市','2022-01-21 11:18:05.518227','2022-01-21 11:18:05.518227'),
	(583,12,'船橋市','2022-01-21 11:18:05.563439','2022-01-21 11:18:05.563439'),
	(584,12,'館山市','2022-01-21 11:18:05.629245','2022-01-21 11:18:05.629245'),
	(585,12,'木更津市','2022-01-21 11:18:05.694098','2022-01-21 11:18:05.694098'),
	(586,12,'松戸市','2022-01-21 11:18:05.786309','2022-01-21 11:18:05.786309'),
	(587,12,'野田市','2022-01-21 11:18:05.874967','2022-01-21 11:18:05.874967'),
	(588,12,'茂原市','2022-01-21 11:18:05.891021','2022-01-21 11:18:05.891021'),
	(589,12,'成田市','2022-01-21 11:18:05.951232','2022-01-21 11:18:05.951232'),
	(590,12,'佐倉市','2022-01-21 11:18:06.016262','2022-01-21 11:18:06.016262'),
	(591,12,'東金市','2022-01-21 11:18:06.080067','2022-01-21 11:18:06.080067'),
	(592,12,'旭市','2022-01-21 11:18:06.122061','2022-01-21 11:18:06.122061'),
	(593,12,'習志野市','2022-01-21 11:18:06.164145','2022-01-21 11:18:06.164145'),
	(594,12,'柏市','2022-01-21 11:18:06.275714','2022-01-21 11:18:06.275714'),
	(595,12,'勝浦市','2022-01-21 11:18:06.314595','2022-01-21 11:18:06.314595'),
	(596,12,'市原市','2022-01-21 11:18:06.344952','2022-01-21 11:18:06.344952'),
	(597,12,'流山市','2022-01-21 11:18:06.378539','2022-01-21 11:18:06.378539'),
	(598,12,'八千代市','2022-01-21 11:18:06.480026','2022-01-21 11:18:06.480026'),
	(599,12,'我孫子市','2022-01-21 11:18:06.532065','2022-01-21 11:18:06.532065'),
	(600,12,'鴨川市','2022-01-21 11:18:06.583831','2022-01-21 11:18:06.583831'),
	(601,12,'鎌ケ谷市','2022-01-21 11:18:06.625128','2022-01-21 11:18:06.625128'),
	(602,12,'君津市','2022-01-21 11:18:06.707254','2022-01-21 11:18:06.707254'),
	(603,12,'富津市','2022-01-21 11:18:06.777881','2022-01-21 11:18:06.777881'),
	(604,12,'浦安市','2022-01-21 11:18:06.807938','2022-01-21 11:18:06.807938'),
	(605,12,'四街道市','2022-01-21 11:18:06.855792','2022-01-21 11:18:06.855792'),
	(606,12,'袖ケ浦市','2022-01-21 11:18:06.914230','2022-01-21 11:18:06.914230'),
	(607,12,'八街市','2022-01-21 11:18:06.971725','2022-01-21 11:18:06.971725'),
	(608,12,'印西市','2022-01-21 11:18:07.004927','2022-01-21 11:18:07.004927'),
	(609,12,'白井市','2022-01-21 11:18:07.040772','2022-01-21 11:18:07.040772'),
	(610,12,'富里市','2022-01-21 11:18:07.120734','2022-01-21 11:18:07.120734'),
	(611,12,'南房総市','2022-01-21 11:18:07.174221','2022-01-21 11:18:07.174221'),
	(612,12,'匝瑳市','2022-01-21 11:18:07.210772','2022-01-21 11:18:07.210772'),
	(613,12,'香取市','2022-01-21 11:18:07.347737','2022-01-21 11:18:07.347737'),
	(614,12,'山武市','2022-01-21 11:18:07.383788','2022-01-21 11:18:07.383788'),
	(615,12,'いすみ市','2022-01-21 11:18:07.441888','2022-01-21 11:18:07.441888'),
	(616,12,'大網白里市','2022-01-21 11:18:07.490922','2022-01-21 11:18:07.490922'),
	(617,12,'酒々井町','2022-01-21 11:18:07.540336','2022-01-21 11:18:07.540336'),
	(618,12,'栄町','2022-01-21 11:18:07.616935','2022-01-21 11:18:07.616935'),
	(619,12,'神崎町','2022-01-21 11:18:07.641158','2022-01-21 11:18:07.641158'),
	(620,12,'多古町','2022-01-21 11:18:07.704033','2022-01-21 11:18:07.704033'),
	(621,12,'東庄町','2022-01-21 11:18:07.789712','2022-01-21 11:18:07.789712'),
	(622,12,'九十九里町','2022-01-21 11:18:07.849983','2022-01-21 11:18:07.849983'),
	(623,12,'芝山町','2022-01-21 11:18:07.909297','2022-01-21 11:18:07.909297'),
	(624,12,'横芝光町','2022-01-21 11:18:07.962909','2022-01-21 11:18:07.962909'),
	(625,12,'一宮町','2022-01-21 11:18:08.013902','2022-01-21 11:18:08.013902'),
	(626,12,'睦沢町','2022-01-21 11:18:08.041627','2022-01-21 11:18:08.041627'),
	(627,12,'長生村','2022-01-21 11:18:08.087983','2022-01-21 11:18:08.087983'),
	(628,12,'白子町','2022-01-21 11:18:08.140959','2022-01-21 11:18:08.140959'),
	(629,12,'長柄町','2022-01-21 11:18:08.185427','2022-01-21 11:18:08.185427'),
	(630,12,'長南町','2022-01-21 11:18:08.236069','2022-01-21 11:18:08.236069'),
	(631,12,'大多喜町','2022-01-21 11:18:08.307684','2022-01-21 11:18:08.307684'),
	(632,12,'御宿町','2022-01-21 11:18:08.378482','2022-01-21 11:18:08.378482'),
	(633,12,'鋸南町','2022-01-21 11:18:08.456597','2022-01-21 11:18:08.456597'),
	(634,13,'千代田区','2022-01-21 11:18:08.507283','2022-01-21 11:18:08.507283'),
	(635,13,'中央区','2022-01-21 11:18:08.541675','2022-01-21 11:18:08.541675'),
	(636,13,'港区','2022-01-21 11:18:08.586652','2022-01-21 11:18:08.586652'),
	(637,13,'新宿区','2022-01-21 11:18:08.626740','2022-01-21 11:18:08.626740'),
	(638,13,'文京区','2022-01-21 11:18:08.691377','2022-01-21 11:18:08.691377'),
	(639,13,'台東区','2022-01-21 11:18:08.799822','2022-01-21 11:18:08.799822'),
	(640,13,'墨田区','2022-01-21 11:18:08.910410','2022-01-21 11:18:08.910410'),
	(641,13,'江東区','2022-01-21 11:18:08.995932','2022-01-21 11:18:08.995932'),
	(642,13,'品川区','2022-01-21 11:18:09.082920','2022-01-21 11:18:09.082920'),
	(643,13,'目黒区','2022-01-21 11:18:09.157456','2022-01-21 11:18:09.157456'),
	(644,13,'大田区','2022-01-21 11:18:09.194523','2022-01-21 11:18:09.194523'),
	(645,13,'世田谷区','2022-01-21 11:18:09.236121','2022-01-21 11:18:09.236121'),
	(646,13,'渋谷区','2022-01-21 11:18:09.358868','2022-01-21 11:18:09.358868'),
	(647,13,'中野区','2022-01-21 11:18:09.397538','2022-01-21 11:18:09.397538'),
	(648,13,'杉並区','2022-01-21 11:18:09.442854','2022-01-21 11:18:09.442854'),
	(649,13,'豊島区','2022-01-21 11:18:09.518442','2022-01-21 11:18:09.518442'),
	(650,13,'北区','2022-01-21 11:18:09.572498','2022-01-21 11:18:09.572498'),
	(651,13,'荒川区','2022-01-21 11:18:09.626245','2022-01-21 11:18:09.626245'),
	(652,13,'板橋区','2022-01-21 11:18:09.711303','2022-01-21 11:18:09.711303'),
	(653,13,'練馬区','2022-01-21 11:18:09.780521','2022-01-21 11:18:09.780521'),
	(654,13,'足立区','2022-01-21 11:18:09.857608','2022-01-21 11:18:09.857608'),
	(655,13,'葛飾区','2022-01-21 11:18:10.056391','2022-01-21 11:18:10.056391'),
	(656,13,'江戸川区','2022-01-21 11:18:10.109405','2022-01-21 11:18:10.109405'),
	(657,13,'八王子市','2022-01-21 11:18:10.183376','2022-01-21 11:18:10.183376'),
	(658,13,'立川市','2022-01-21 11:18:10.252762','2022-01-21 11:18:10.252762'),
	(659,13,'武蔵野市','2022-01-21 11:18:10.312954','2022-01-21 11:18:10.312954'),
	(660,13,'三鷹市','2022-01-21 11:18:10.342107','2022-01-21 11:18:10.342107'),
	(661,13,'青梅市','2022-01-21 11:18:10.381296','2022-01-21 11:18:10.381296'),
	(662,13,'府中市','2022-01-21 11:18:10.411950','2022-01-21 11:18:10.411950'),
	(663,13,'昭島市','2022-01-21 11:18:10.441416','2022-01-21 11:18:10.441416'),
	(664,13,'調布市','2022-01-21 11:18:10.485551','2022-01-21 11:18:10.485551'),
	(665,13,'町田市','2022-01-21 11:18:10.541217','2022-01-21 11:18:10.541217'),
	(666,13,'小金井市','2022-01-21 11:18:10.616167','2022-01-21 11:18:10.616167'),
	(667,13,'小平市','2022-01-21 11:18:10.644879','2022-01-21 11:18:10.644879'),
	(668,13,'日野市','2022-01-21 11:18:10.682244','2022-01-21 11:18:10.682244'),
	(669,13,'東村山市','2022-01-21 11:18:10.757129','2022-01-21 11:18:10.757129'),
	(670,13,'国分寺市','2022-01-21 11:18:10.843975','2022-01-21 11:18:10.843975'),
	(671,13,'国立市','2022-01-21 11:18:10.904891','2022-01-21 11:18:10.904891'),
	(672,13,'福生市','2022-01-21 11:18:10.945233','2022-01-21 11:18:10.945233'),
	(673,13,'狛江市','2022-01-21 11:18:10.984982','2022-01-21 11:18:10.984982'),
	(674,13,'東大和市','2022-01-21 11:18:11.023726','2022-01-21 11:18:11.023726'),
	(675,13,'清瀬市','2022-01-21 11:18:11.056022','2022-01-21 11:18:11.056022'),
	(676,13,'東久留米市','2022-01-21 11:18:11.086972','2022-01-21 11:18:11.086972'),
	(677,13,'武蔵村山市','2022-01-21 11:18:11.180555','2022-01-21 11:18:11.180555'),
	(678,13,'多摩市','2022-01-21 11:18:11.222882','2022-01-21 11:18:11.222882'),
	(679,13,'稲城市','2022-01-21 11:18:11.313921','2022-01-21 11:18:11.313921'),
	(680,13,'羽村市','2022-01-21 11:18:11.387829','2022-01-21 11:18:11.387829'),
	(681,13,'あきる野市','2022-01-21 11:18:11.439451','2022-01-21 11:18:11.439451'),
	(682,13,'西東京市','2022-01-21 11:18:11.469342','2022-01-21 11:18:11.469342'),
	(683,13,'瑞穂町','2022-01-21 11:18:11.538524','2022-01-21 11:18:11.538524'),
	(684,13,'日の出町','2022-01-21 11:18:11.581328','2022-01-21 11:18:11.581328'),
	(685,13,'檜原村','2022-01-21 11:18:11.608238','2022-01-21 11:18:11.608238'),
	(686,13,'奥多摩町','2022-01-21 11:18:11.678291','2022-01-21 11:18:11.678291'),
	(687,13,'大島町','2022-01-21 11:18:11.786568','2022-01-21 11:18:11.786568'),
	(688,13,'利島村','2022-01-21 11:18:11.855660','2022-01-21 11:18:11.855660'),
	(689,13,'新島村','2022-01-21 11:18:11.898070','2022-01-21 11:18:11.898070'),
	(690,13,'神津島村','2022-01-21 11:18:11.924595','2022-01-21 11:18:11.924595'),
	(691,13,'三宅村','2022-01-21 11:18:11.968875','2022-01-21 11:18:11.968875'),
	(692,13,'御蔵島村','2022-01-21 11:18:11.988714','2022-01-21 11:18:11.988714'),
	(693,13,'八丈町','2022-01-21 11:18:12.072959','2022-01-21 11:18:12.072959'),
	(694,13,'青ヶ島村','2022-01-21 11:18:12.144104','2022-01-21 11:18:12.144104'),
	(695,13,'小笠原村','2022-01-21 11:18:12.186544','2022-01-21 11:18:12.186544'),
	(696,14,'横浜市','2022-01-21 11:18:12.246234','2022-01-21 11:18:12.246234'),
	(697,14,'川崎市','2022-01-21 11:18:12.350464','2022-01-21 11:18:12.350464'),
	(698,14,'相模原市','2022-01-21 11:18:12.399086','2022-01-21 11:18:12.399086'),
	(699,14,'横須賀市','2022-01-21 11:18:12.453156','2022-01-21 11:18:12.453156'),
	(700,14,'平塚市','2022-01-21 11:18:12.483716','2022-01-21 11:18:12.483716'),
	(701,14,'鎌倉市','2022-01-21 11:18:12.549336','2022-01-21 11:18:12.549336'),
	(702,14,'藤沢市','2022-01-21 11:18:12.599669','2022-01-21 11:18:12.599669'),
	(703,14,'小田原市','2022-01-21 11:18:12.644150','2022-01-21 11:18:12.644150'),
	(704,14,'茅ヶ崎市','2022-01-21 11:18:12.682331','2022-01-21 11:18:12.682331'),
	(705,14,'逗子市','2022-01-21 11:18:12.733941','2022-01-21 11:18:12.733941'),
	(706,14,'三浦市','2022-01-21 11:18:12.802886','2022-01-21 11:18:12.802886'),
	(707,14,'秦野市','2022-01-21 11:18:12.840939','2022-01-21 11:18:12.840939'),
	(708,14,'厚木市','2022-01-21 11:18:12.885826','2022-01-21 11:18:12.885826'),
	(709,14,'大和市','2022-01-21 11:18:12.943693','2022-01-21 11:18:12.943693'),
	(710,14,'伊勢原市','2022-01-21 11:18:12.983209','2022-01-21 11:18:12.983209'),
	(711,14,'海老名市','2022-01-21 11:18:13.046002','2022-01-21 11:18:13.046002'),
	(712,14,'座間市','2022-01-21 11:18:13.079328','2022-01-21 11:18:13.079328'),
	(713,14,'南足柄市','2022-01-21 11:18:13.164580','2022-01-21 11:18:13.164580'),
	(714,14,'綾瀬市','2022-01-21 11:18:13.207931','2022-01-21 11:18:13.207931'),
	(715,14,'葉山町','2022-01-21 11:18:13.241709','2022-01-21 11:18:13.241709'),
	(716,14,'寒川町','2022-01-21 11:18:13.282327','2022-01-21 11:18:13.282327'),
	(717,14,'大磯町','2022-01-21 11:18:13.337597','2022-01-21 11:18:13.337597'),
	(718,14,'二宮町','2022-01-21 11:18:13.375157','2022-01-21 11:18:13.375157'),
	(719,14,'中井町','2022-01-21 11:18:13.434486','2022-01-21 11:18:13.434486'),
	(720,14,'大井町','2022-01-21 11:18:13.482092','2022-01-21 11:18:13.482092'),
	(721,14,'松田町','2022-01-21 11:18:13.539409','2022-01-21 11:18:13.539409'),
	(722,14,'山北町','2022-01-21 11:18:13.572613','2022-01-21 11:18:13.572613'),
	(723,14,'開成町','2022-01-21 11:18:13.612451','2022-01-21 11:18:13.612451'),
	(724,14,'箱根町','2022-01-21 11:18:13.714864','2022-01-21 11:18:13.714864'),
	(725,14,'真鶴町','2022-01-21 11:18:13.786588','2022-01-21 11:18:13.786588'),
	(726,14,'湯河原町','2022-01-21 11:18:13.824025','2022-01-21 11:18:13.824025'),
	(727,14,'愛川町','2022-01-21 11:18:13.849906','2022-01-21 11:18:13.849906'),
	(728,14,'清川村','2022-01-21 11:18:13.945589','2022-01-21 11:18:13.945589'),
	(729,15,'新潟市','2022-01-21 11:18:14.040402','2022-01-21 11:18:14.040402'),
	(730,15,'長岡市','2022-01-21 11:18:14.074575','2022-01-21 11:18:14.074575'),
	(731,15,'三条市','2022-01-21 11:18:14.146974','2022-01-21 11:18:14.146974'),
	(732,15,'柏崎市','2022-01-21 11:18:14.194468','2022-01-21 11:18:14.194468'),
	(733,15,'新発田市','2022-01-21 11:18:14.285020','2022-01-21 11:18:14.285020'),
	(734,15,'小千谷市','2022-01-21 11:18:14.385642','2022-01-21 11:18:14.385642'),
	(735,15,'加茂市','2022-01-21 11:18:14.462648','2022-01-21 11:18:14.462648'),
	(736,15,'十日町市','2022-01-21 11:18:14.493586','2022-01-21 11:18:14.493586'),
	(737,15,'見附市','2022-01-21 11:18:14.576657','2022-01-21 11:18:14.576657'),
	(738,15,'村上市','2022-01-21 11:18:14.637744','2022-01-21 11:18:14.637744'),
	(739,15,'燕市','2022-01-21 11:18:14.677678','2022-01-21 11:18:14.677678'),
	(740,15,'糸魚川市','2022-01-21 11:18:14.724178','2022-01-21 11:18:14.724178'),
	(741,15,'妙高市','2022-01-21 11:18:14.781583','2022-01-21 11:18:14.781583'),
	(742,15,'五泉市','2022-01-21 11:18:14.832386','2022-01-21 11:18:14.832386'),
	(743,15,'上越市','2022-01-21 11:18:14.881971','2022-01-21 11:18:14.881971'),
	(744,15,'阿賀野市','2022-01-21 11:18:15.050016','2022-01-21 11:18:15.050016'),
	(745,15,'佐渡市','2022-01-21 11:18:15.115774','2022-01-21 11:18:15.115774'),
	(746,15,'魚沼市','2022-01-21 11:18:15.149019','2022-01-21 11:18:15.149019'),
	(747,15,'南魚沼市','2022-01-21 11:18:15.240433','2022-01-21 11:18:15.240433'),
	(748,15,'胎内市','2022-01-21 11:18:15.296738','2022-01-21 11:18:15.296738'),
	(749,15,'聖籠町','2022-01-21 11:18:15.397585','2022-01-21 11:18:15.397585'),
	(750,15,'弥彦村','2022-01-21 11:18:15.470686','2022-01-21 11:18:15.470686'),
	(751,15,'田上町','2022-01-21 11:18:15.541354','2022-01-21 11:18:15.541354'),
	(752,15,'阿賀町','2022-01-21 11:18:15.663233','2022-01-21 11:18:15.663233'),
	(753,15,'出雲崎町','2022-01-21 11:18:15.794424','2022-01-21 11:18:15.794424'),
	(754,15,'湯沢町','2022-01-21 11:18:15.962301','2022-01-21 11:18:15.962301'),
	(755,15,'津南町','2022-01-21 11:18:16.026823','2022-01-21 11:18:16.026823'),
	(756,15,'刈羽村','2022-01-21 11:18:16.068681','2022-01-21 11:18:16.068681'),
	(757,15,'関川村','2022-01-21 11:18:16.138147','2022-01-21 11:18:16.138147'),
	(758,15,'粟島浦村','2022-01-21 11:18:16.179873','2022-01-21 11:18:16.179873'),
	(759,16,'富山市','2022-01-21 11:18:16.211550','2022-01-21 11:18:16.211550'),
	(760,16,'高岡市','2022-01-21 11:18:16.333649','2022-01-21 11:18:16.333649'),
	(761,16,'魚津市','2022-01-21 11:18:16.406629','2022-01-21 11:18:16.406629'),
	(762,16,'氷見市','2022-01-21 11:18:16.541190','2022-01-21 11:18:16.541190'),
	(763,16,'滑川市','2022-01-21 11:18:16.643275','2022-01-21 11:18:16.643275'),
	(764,16,'黒部市','2022-01-21 11:18:16.708648','2022-01-21 11:18:16.708648'),
	(765,16,'砺波市','2022-01-21 11:18:16.836934','2022-01-21 11:18:16.836934'),
	(766,16,'小矢部市','2022-01-21 11:18:16.894749','2022-01-21 11:18:16.894749'),
	(767,16,'南砺市','2022-01-21 11:18:16.930388','2022-01-21 11:18:16.930388'),
	(768,16,'射水市','2022-01-21 11:18:16.964372','2022-01-21 11:18:16.964372'),
	(769,16,'舟橋村','2022-01-21 11:18:16.993996','2022-01-21 11:18:16.993996'),
	(770,16,'上市町','2022-01-21 11:18:17.042071','2022-01-21 11:18:17.042071'),
	(771,16,'立山町','2022-01-21 11:18:17.103695','2022-01-21 11:18:17.103695'),
	(772,16,'入善町','2022-01-21 11:18:17.161854','2022-01-21 11:18:17.161854'),
	(773,16,'朝日町','2022-01-21 11:18:17.226473','2022-01-21 11:18:17.226473'),
	(774,17,'金沢市','2022-01-21 11:18:17.307064','2022-01-21 11:18:17.307064'),
	(775,17,'七尾市','2022-01-21 11:18:17.439966','2022-01-21 11:18:17.439966'),
	(776,17,'小松市','2022-01-21 11:18:17.466201','2022-01-21 11:18:17.466201'),
	(777,17,'輪島市','2022-01-21 11:18:17.601041','2022-01-21 11:18:17.601041'),
	(778,17,'珠洲市','2022-01-21 11:18:17.684848','2022-01-21 11:18:17.684848'),
	(779,17,'加賀市','2022-01-21 11:18:17.744105','2022-01-21 11:18:17.744105'),
	(780,17,'羽咋市','2022-01-21 11:18:17.807326','2022-01-21 11:18:17.807326'),
	(781,17,'かほく市','2022-01-21 11:18:17.853926','2022-01-21 11:18:17.853926'),
	(782,17,'白山市','2022-01-21 11:18:17.903233','2022-01-21 11:18:17.903233'),
	(783,17,'能美市','2022-01-21 11:18:17.959706','2022-01-21 11:18:17.959706'),
	(784,17,'野々市市','2022-01-21 11:18:18.029500','2022-01-21 11:18:18.029500'),
	(785,17,'川北町','2022-01-21 11:18:18.093524','2022-01-21 11:18:18.093524'),
	(786,17,'津幡町','2022-01-21 11:18:18.144644','2022-01-21 11:18:18.144644'),
	(787,17,'内灘町','2022-01-21 11:18:18.170472','2022-01-21 11:18:18.170472'),
	(788,17,'志賀町','2022-01-21 11:18:18.223267','2022-01-21 11:18:18.223267'),
	(789,17,'宝達志水町','2022-01-21 11:18:18.268371','2022-01-21 11:18:18.268371'),
	(790,17,'中能登町','2022-01-21 11:18:18.387911','2022-01-21 11:18:18.387911'),
	(791,17,'穴水町','2022-01-21 11:18:18.433507','2022-01-21 11:18:18.433507'),
	(792,17,'能登町','2022-01-21 11:18:18.461219','2022-01-21 11:18:18.461219'),
	(793,18,'福井市','2022-01-21 11:18:18.500295','2022-01-21 11:18:18.500295'),
	(794,18,'敦賀市','2022-01-21 11:18:18.564605','2022-01-21 11:18:18.564605'),
	(795,18,'小浜市','2022-01-21 11:18:18.600145','2022-01-21 11:18:18.600145'),
	(796,18,'大野市','2022-01-21 11:18:18.632422','2022-01-21 11:18:18.632422'),
	(797,18,'勝山市','2022-01-21 11:18:19.029435','2022-01-21 11:18:19.029435'),
	(798,18,'鯖江市','2022-01-21 11:18:19.088107','2022-01-21 11:18:19.088107'),
	(799,18,'あわら市','2022-01-21 11:18:19.169755','2022-01-21 11:18:19.169755'),
	(800,18,'越前市','2022-01-21 11:18:19.305319','2022-01-21 11:18:19.305319'),
	(801,18,'坂井市','2022-01-21 11:18:19.444661','2022-01-21 11:18:19.444661'),
	(802,18,'永平寺町','2022-01-21 11:18:19.497804','2022-01-21 11:18:19.497804'),
	(803,18,'池田町','2022-01-21 11:18:19.703669','2022-01-21 11:18:19.703669'),
	(804,18,'南越前町','2022-01-21 11:18:19.894664','2022-01-21 11:18:19.894664'),
	(805,18,'越前町','2022-01-21 11:18:20.139584','2022-01-21 11:18:20.139584'),
	(806,18,'美浜町','2022-01-21 11:18:20.207544','2022-01-21 11:18:20.207544'),
	(807,18,'高浜町','2022-01-21 11:18:20.262141','2022-01-21 11:18:20.262141'),
	(808,18,'おおい町','2022-01-21 11:18:20.575166','2022-01-21 11:18:20.575166'),
	(809,18,'若狭町','2022-01-21 11:18:21.054315','2022-01-21 11:18:21.054315'),
	(810,19,'甲府市','2022-01-21 11:18:21.134980','2022-01-21 11:18:21.134980'),
	(811,19,'富士吉田市','2022-01-21 11:18:21.316280','2022-01-21 11:18:21.316280'),
	(812,19,'都留市','2022-01-21 11:18:21.407156','2022-01-21 11:18:21.407156'),
	(813,19,'山梨市','2022-01-21 11:18:21.471474','2022-01-21 11:18:21.471474'),
	(814,19,'大月市','2022-01-21 11:18:21.520122','2022-01-21 11:18:21.520122'),
	(815,19,'韮崎市','2022-01-21 11:18:21.571236','2022-01-21 11:18:21.571236'),
	(816,19,'南アルプス市','2022-01-21 11:18:21.636194','2022-01-21 11:18:21.636194'),
	(817,19,'北杜市','2022-01-21 11:18:21.869371','2022-01-21 11:18:21.869371'),
	(818,19,'甲斐市','2022-01-21 11:18:21.951395','2022-01-21 11:18:21.951395'),
	(819,19,'笛吹市','2022-01-21 11:18:22.128110','2022-01-21 11:18:22.128110'),
	(820,19,'上野原市','2022-01-21 11:18:22.360578','2022-01-21 11:18:22.360578'),
	(821,19,'甲州市','2022-01-21 11:18:22.530278','2022-01-21 11:18:22.530278'),
	(822,19,'中央市','2022-01-21 11:18:22.670570','2022-01-21 11:18:22.670570'),
	(823,19,'市川三郷町','2022-01-21 11:18:22.757685','2022-01-21 11:18:22.757685'),
	(824,19,'早川町','2022-01-21 11:18:22.824713','2022-01-21 11:18:22.824713'),
	(825,19,'身延町','2022-01-21 11:18:22.871668','2022-01-21 11:18:22.871668'),
	(826,19,'南部町','2022-01-21 11:18:22.911069','2022-01-21 11:18:22.911069'),
	(827,19,'富士川町','2022-01-21 11:18:22.945656','2022-01-21 11:18:22.945656'),
	(828,19,'昭和町','2022-01-21 11:18:22.993381','2022-01-21 11:18:22.993381'),
	(829,19,'道志村','2022-01-21 11:18:23.091917','2022-01-21 11:18:23.091917'),
	(830,19,'西桂町','2022-01-21 11:18:23.131888','2022-01-21 11:18:23.131888'),
	(831,19,'忍野村','2022-01-21 11:18:23.159286','2022-01-21 11:18:23.159286'),
	(832,19,'山中湖村','2022-01-21 11:18:23.181763','2022-01-21 11:18:23.181763'),
	(833,19,'鳴沢村','2022-01-21 11:18:23.211459','2022-01-21 11:18:23.211459'),
	(834,19,'富士河口湖町','2022-01-21 11:18:23.240365','2022-01-21 11:18:23.240365'),
	(835,19,'小菅村','2022-01-21 11:18:23.331769','2022-01-21 11:18:23.331769'),
	(836,19,'丹波山村','2022-01-21 11:18:23.433582','2022-01-21 11:18:23.433582'),
	(837,20,'長野市','2022-01-21 11:18:23.470319','2022-01-21 11:18:23.470319'),
	(838,20,'松本市','2022-01-21 11:18:23.517918','2022-01-21 11:18:23.517918'),
	(839,20,'上田市','2022-01-21 11:18:23.564559','2022-01-21 11:18:23.564559'),
	(840,20,'岡谷市','2022-01-21 11:18:23.613849','2022-01-21 11:18:23.613849'),
	(841,20,'飯田市','2022-01-21 11:18:23.635445','2022-01-21 11:18:23.635445'),
	(842,20,'諏訪市','2022-01-21 11:18:23.722459','2022-01-21 11:18:23.722459'),
	(843,20,'須坂市','2022-01-21 11:18:23.807611','2022-01-21 11:18:23.807611'),
	(844,20,'小諸市','2022-01-21 11:18:23.865482','2022-01-21 11:18:23.865482'),
	(845,20,'伊那市','2022-01-21 11:18:23.915578','2022-01-21 11:18:23.915578'),
	(846,20,'駒ヶ根市','2022-01-21 11:18:23.950271','2022-01-21 11:18:23.950271'),
	(847,20,'中野市','2022-01-21 11:18:24.052231','2022-01-21 11:18:24.052231'),
	(848,20,'大町市','2022-01-21 11:18:24.093829','2022-01-21 11:18:24.093829'),
	(849,20,'飯山市','2022-01-21 11:18:24.141448','2022-01-21 11:18:24.141448'),
	(850,20,'茅野市','2022-01-21 11:18:24.175623','2022-01-21 11:18:24.175623'),
	(851,20,'塩尻市','2022-01-21 11:18:24.268546','2022-01-21 11:18:24.268546'),
	(852,20,'佐久市','2022-01-21 11:18:24.356539','2022-01-21 11:18:24.356539'),
	(853,20,'千曲市','2022-01-21 11:18:24.459601','2022-01-21 11:18:24.459601'),
	(854,20,'東御市','2022-01-21 11:18:24.630046','2022-01-21 11:18:24.630046'),
	(855,20,'安曇野市','2022-01-21 11:18:24.799729','2022-01-21 11:18:24.799729'),
	(856,20,'小海町','2022-01-21 11:18:24.875257','2022-01-21 11:18:24.875257'),
	(857,20,'川上村','2022-01-21 11:18:25.118014','2022-01-21 11:18:25.118014'),
	(858,20,'南牧村','2022-01-21 11:18:25.292761','2022-01-21 11:18:25.292761'),
	(859,20,'南相木村','2022-01-21 11:18:25.372901','2022-01-21 11:18:25.372901'),
	(860,20,'北相木村','2022-01-21 11:18:25.598388','2022-01-21 11:18:25.598388'),
	(861,20,'佐久穂町','2022-01-21 11:18:25.892998','2022-01-21 11:18:25.892998'),
	(862,20,'軽井沢町','2022-01-21 11:18:26.084126','2022-01-21 11:18:26.084126'),
	(863,20,'御代田町','2022-01-21 11:18:26.179661','2022-01-21 11:18:26.179661'),
	(864,20,'立科町','2022-01-21 11:18:26.324754','2022-01-21 11:18:26.324754'),
	(865,20,'青木村','2022-01-21 11:18:26.363982','2022-01-21 11:18:26.363982'),
	(866,20,'長和町','2022-01-21 11:18:26.459187','2022-01-21 11:18:26.459187'),
	(867,20,'下諏訪町','2022-01-21 11:18:26.750496','2022-01-21 11:18:26.750496'),
	(868,20,'富士見町','2022-01-21 11:18:26.954150','2022-01-21 11:18:26.954150'),
	(869,20,'原村','2022-01-21 11:18:27.315050','2022-01-21 11:18:27.315050'),
	(870,20,'辰野町','2022-01-21 11:18:27.387367','2022-01-21 11:18:27.387367'),
	(871,20,'箕輪町','2022-01-21 11:18:27.451273','2022-01-21 11:18:27.451273'),
	(872,20,'飯島町','2022-01-21 11:18:27.499382','2022-01-21 11:18:27.499382'),
	(873,20,'南箕輪村','2022-01-21 11:18:27.549812','2022-01-21 11:18:27.549812'),
	(874,20,'中川村','2022-01-21 11:18:27.574598','2022-01-21 11:18:27.574598'),
	(875,20,'宮田村','2022-01-21 11:18:27.723415','2022-01-21 11:18:27.723415'),
	(876,20,'松川町','2022-01-21 11:18:27.885338','2022-01-21 11:18:27.885338'),
	(877,20,'高森町','2022-01-21 11:18:28.127466','2022-01-21 11:18:28.127466'),
	(878,20,'阿南町','2022-01-21 11:18:28.250963','2022-01-21 11:18:28.250963'),
	(879,20,'阿智村','2022-01-21 11:18:28.300797','2022-01-21 11:18:28.300797'),
	(880,20,'平谷村','2022-01-21 11:18:28.375584','2022-01-21 11:18:28.375584'),
	(881,20,'根羽村','2022-01-21 11:18:28.525410','2022-01-21 11:18:28.525410'),
	(882,20,'下條村','2022-01-21 11:18:28.762814','2022-01-21 11:18:28.762814'),
	(883,20,'売木村','2022-01-21 11:18:28.800547','2022-01-21 11:18:28.800547'),
	(884,20,'天龍村','2022-01-21 11:18:28.993088','2022-01-21 11:18:28.993088'),
	(885,20,'泰阜村','2022-01-21 11:18:29.066506','2022-01-21 11:18:29.066506'),
	(886,20,'喬木村','2022-01-21 11:18:29.129024','2022-01-21 11:18:29.129024'),
	(887,20,'豊丘村','2022-01-21 11:18:29.165943','2022-01-21 11:18:29.165943'),
	(888,20,'大鹿村','2022-01-21 11:18:29.214351','2022-01-21 11:18:29.214351'),
	(889,20,'上松町','2022-01-21 11:18:29.249718','2022-01-21 11:18:29.249718'),
	(890,20,'南木曽町','2022-01-21 11:18:29.301317','2022-01-21 11:18:29.301317'),
	(891,20,'木祖村','2022-01-21 11:18:29.399901','2022-01-21 11:18:29.399901'),
	(892,20,'王滝村','2022-01-21 11:18:29.456873','2022-01-21 11:18:29.456873'),
	(893,20,'大桑村','2022-01-21 11:18:29.511892','2022-01-21 11:18:29.511892'),
	(894,20,'木曽町','2022-01-21 11:18:29.558665','2022-01-21 11:18:29.558665'),
	(895,20,'麻績村','2022-01-21 11:18:29.593987','2022-01-21 11:18:29.593987'),
	(896,20,'生坂村','2022-01-21 11:18:29.656337','2022-01-21 11:18:29.656337'),
	(897,20,'山形村','2022-01-21 11:18:29.748193','2022-01-21 11:18:29.748193'),
	(898,20,'朝日村','2022-01-21 11:18:29.788560','2022-01-21 11:18:29.788560'),
	(899,20,'筑北村','2022-01-21 11:18:29.988528','2022-01-21 11:18:29.988528'),
	(900,20,'池田町','2022-01-21 11:18:30.061999','2022-01-21 11:18:30.061999'),
	(901,20,'松川村','2022-01-21 11:18:30.098971','2022-01-21 11:18:30.098971'),
	(902,20,'白馬村','2022-01-21 11:18:30.187901','2022-01-21 11:18:30.187901'),
	(903,20,'小谷村','2022-01-21 11:18:30.267617','2022-01-21 11:18:30.267617'),
	(904,20,'坂城町','2022-01-21 11:18:30.313289','2022-01-21 11:18:30.313289'),
	(905,20,'小布施町','2022-01-21 11:18:30.355101','2022-01-21 11:18:30.355101'),
	(906,20,'高山村','2022-01-21 11:18:30.452552','2022-01-21 11:18:30.452552'),
	(907,20,'山ノ内町','2022-01-21 11:18:30.485454','2022-01-21 11:18:30.485454'),
	(908,20,'木島平村','2022-01-21 11:18:30.525292','2022-01-21 11:18:30.525292'),
	(909,20,'野沢温泉村','2022-01-21 11:18:30.562005','2022-01-21 11:18:30.562005'),
	(910,20,'信濃町','2022-01-21 11:18:30.601354','2022-01-21 11:18:30.601354'),
	(911,20,'小川村','2022-01-21 11:18:30.689262','2022-01-21 11:18:30.689262'),
	(912,20,'飯綱町','2022-01-21 11:18:30.733987','2022-01-21 11:18:30.733987'),
	(913,20,'栄村','2022-01-21 11:18:30.776146','2022-01-21 11:18:30.776146'),
	(914,21,'岐阜市','2022-01-21 11:18:30.794232','2022-01-21 11:18:30.794232'),
	(915,21,'大垣市','2022-01-21 11:18:30.840153','2022-01-21 11:18:30.840153'),
	(916,21,'高山市','2022-01-21 11:18:30.861911','2022-01-21 11:18:30.861911'),
	(917,21,'多治見市','2022-01-21 11:18:30.909968','2022-01-21 11:18:30.909968'),
	(918,21,'関市','2022-01-21 11:18:30.949478','2022-01-21 11:18:30.949478'),
	(919,21,'中津川市','2022-01-21 11:18:30.985137','2022-01-21 11:18:30.985137'),
	(920,21,'美濃市','2022-01-21 11:18:31.065174','2022-01-21 11:18:31.065174'),
	(921,21,'瑞浪市','2022-01-21 11:18:31.132507','2022-01-21 11:18:31.132507'),
	(922,21,'羽島市','2022-01-21 11:18:31.160077','2022-01-21 11:18:31.160077'),
	(923,21,'恵那市','2022-01-21 11:18:31.193023','2022-01-21 11:18:31.193023'),
	(924,21,'美濃加茂市','2022-01-21 11:18:31.281643','2022-01-21 11:18:31.281643'),
	(925,21,'土岐市','2022-01-21 11:18:31.325886','2022-01-21 11:18:31.325886'),
	(926,21,'各務原市','2022-01-21 11:18:31.392104','2022-01-21 11:18:31.392104'),
	(927,21,'可児市','2022-01-21 11:18:31.459342','2022-01-21 11:18:31.459342'),
	(928,21,'山県市','2022-01-21 11:18:31.513174','2022-01-21 11:18:31.513174'),
	(929,21,'瑞穂市','2022-01-21 11:18:31.532051','2022-01-21 11:18:31.532051'),
	(930,21,'飛騨市','2022-01-21 11:18:31.595033','2022-01-21 11:18:31.595033'),
	(931,21,'本巣市','2022-01-21 11:18:31.671310','2022-01-21 11:18:31.671310'),
	(932,21,'郡上市','2022-01-21 11:18:31.713056','2022-01-21 11:18:31.713056'),
	(933,21,'下呂市','2022-01-21 11:18:31.752164','2022-01-21 11:18:31.752164'),
	(934,21,'海津市','2022-01-21 11:18:31.808920','2022-01-21 11:18:31.808920'),
	(935,21,'岐南町','2022-01-21 11:18:31.849211','2022-01-21 11:18:31.849211'),
	(936,21,'笠松町','2022-01-21 11:18:31.897595','2022-01-21 11:18:31.897595'),
	(937,21,'養老町','2022-01-21 11:18:31.948735','2022-01-21 11:18:31.948735'),
	(938,21,'垂井町','2022-01-21 11:18:31.990253','2022-01-21 11:18:31.990253'),
	(939,21,'関ケ原町','2022-01-21 11:18:32.040757','2022-01-21 11:18:32.040757'),
	(940,21,'神戸町','2022-01-21 11:18:32.103182','2022-01-21 11:18:32.103182'),
	(941,21,'輪之内町','2022-01-21 11:18:32.147374','2022-01-21 11:18:32.147374'),
	(942,21,'安八町','2022-01-21 11:18:32.192087','2022-01-21 11:18:32.192087'),
	(943,21,'揖斐川町','2022-01-21 11:18:32.297705','2022-01-21 11:18:32.297705'),
	(944,21,'大野町','2022-01-21 11:18:32.330734','2022-01-21 11:18:32.330734'),
	(945,21,'池田町','2022-01-21 11:18:32.393635','2022-01-21 11:18:32.393635'),
	(946,21,'北方町','2022-01-21 11:18:32.459180','2022-01-21 11:18:32.459180'),
	(947,21,'坂祝町','2022-01-21 11:18:32.492183','2022-01-21 11:18:32.492183'),
	(948,21,'富加町','2022-01-21 11:18:32.529912','2022-01-21 11:18:32.529912'),
	(949,21,'川辺町','2022-01-21 11:18:32.554946','2022-01-21 11:18:32.554946'),
	(950,21,'七宗町','2022-01-21 11:18:32.579332','2022-01-21 11:18:32.579332'),
	(951,21,'八百津町','2022-01-21 11:18:32.599727','2022-01-21 11:18:32.599727'),
	(952,21,'白川町','2022-01-21 11:18:32.627475','2022-01-21 11:18:32.627475'),
	(953,21,'東白川村','2022-01-21 11:18:32.754163','2022-01-21 11:18:32.754163'),
	(954,21,'御嵩町','2022-01-21 11:18:32.783616','2022-01-21 11:18:32.783616'),
	(955,21,'白川村','2022-01-21 11:18:32.831232','2022-01-21 11:18:32.831232'),
	(956,22,'静岡市','2022-01-21 11:18:32.863616','2022-01-21 11:18:32.863616'),
	(957,22,'浜松市','2022-01-21 11:18:32.912902','2022-01-21 11:18:32.912902'),
	(958,22,'沼津市','2022-01-21 11:18:32.975222','2022-01-21 11:18:32.975222'),
	(959,22,'熱海市','2022-01-21 11:18:33.012878','2022-01-21 11:18:33.012878'),
	(960,22,'三島市','2022-01-21 11:18:33.071123','2022-01-21 11:18:33.071123'),
	(961,22,'富士宮市','2022-01-21 11:18:33.111024','2022-01-21 11:18:33.111024'),
	(962,22,'伊東市','2022-01-21 11:18:33.178373','2022-01-21 11:18:33.178373'),
	(963,22,'島田市','2022-01-21 11:18:33.194808','2022-01-21 11:18:33.194808'),
	(964,22,'富士市','2022-01-21 11:18:33.260958','2022-01-21 11:18:33.260958'),
	(965,22,'磐田市','2022-01-21 11:18:33.307470','2022-01-21 11:18:33.307470'),
	(966,22,'焼津市','2022-01-21 11:18:33.355568','2022-01-21 11:18:33.355568'),
	(967,22,'掛川市','2022-01-21 11:18:33.412965','2022-01-21 11:18:33.412965'),
	(968,22,'藤枝市','2022-01-21 11:18:33.457204','2022-01-21 11:18:33.457204'),
	(969,22,'御殿場市','2022-01-21 11:18:33.513465','2022-01-21 11:18:33.513465'),
	(970,22,'袋井市','2022-01-21 11:18:33.531129','2022-01-21 11:18:33.531129'),
	(971,22,'下田市','2022-01-21 11:18:33.575344','2022-01-21 11:18:33.575344'),
	(972,22,'裾野市','2022-01-21 11:18:33.613899','2022-01-21 11:18:33.613899'),
	(973,22,'湖西市','2022-01-21 11:18:33.693828','2022-01-21 11:18:33.693828'),
	(974,22,'伊豆市','2022-01-21 11:18:33.755086','2022-01-21 11:18:33.755086'),
	(975,22,'御前崎市','2022-01-21 11:18:33.793551','2022-01-21 11:18:33.793551'),
	(976,22,'菊川市','2022-01-21 11:18:33.882124','2022-01-21 11:18:33.882124'),
	(977,22,'伊豆の国市','2022-01-21 11:18:33.912963','2022-01-21 11:18:33.912963'),
	(978,22,'牧之原市','2022-01-21 11:18:33.949204','2022-01-21 11:18:33.949204'),
	(979,22,'東伊豆町','2022-01-21 11:18:34.075074','2022-01-21 11:18:34.075074'),
	(980,22,'河津町','2022-01-21 11:18:34.113115','2022-01-21 11:18:34.113115'),
	(981,22,'南伊豆町','2022-01-21 11:18:34.154010','2022-01-21 11:18:34.154010'),
	(982,22,'松崎町','2022-01-21 11:18:34.193422','2022-01-21 11:18:34.193422'),
	(983,22,'西伊豆町','2022-01-21 11:18:34.251634','2022-01-21 11:18:34.251634'),
	(984,22,'函南町','2022-01-21 11:18:34.305909','2022-01-21 11:18:34.305909'),
	(985,22,'清水町','2022-01-21 11:18:34.339316','2022-01-21 11:18:34.339316'),
	(986,22,'長泉町','2022-01-21 11:18:34.377466','2022-01-21 11:18:34.377466'),
	(987,22,'小山町','2022-01-21 11:18:34.414010','2022-01-21 11:18:34.414010'),
	(988,22,'吉田町','2022-01-21 11:18:34.487251','2022-01-21 11:18:34.487251'),
	(989,22,'川根本町','2022-01-21 11:18:34.523382','2022-01-21 11:18:34.523382'),
	(990,22,'森町','2022-01-21 11:18:34.579468','2022-01-21 11:18:34.579468'),
	(991,23,'名古屋市','2022-01-21 11:18:34.613406','2022-01-21 11:18:34.613406'),
	(992,23,'豊橋市','2022-01-21 11:18:34.720937','2022-01-21 11:18:34.720937'),
	(993,23,'岡崎市','2022-01-21 11:18:34.775908','2022-01-21 11:18:34.775908'),
	(994,23,'一宮市','2022-01-21 11:18:34.816605','2022-01-21 11:18:34.816605'),
	(995,23,'瀬戸市','2022-01-21 11:18:35.019346','2022-01-21 11:18:35.019346'),
	(996,23,'半田市','2022-01-21 11:18:35.064289','2022-01-21 11:18:35.064289'),
	(997,23,'春日井市','2022-01-21 11:18:35.108283','2022-01-21 11:18:35.108283'),
	(998,23,'豊川市','2022-01-21 11:18:35.210083','2022-01-21 11:18:35.210083'),
	(999,23,'津島市','2022-01-21 11:18:35.297513','2022-01-21 11:18:35.297513'),
	(1000,23,'碧南市','2022-01-21 11:18:35.340254','2022-01-21 11:18:35.340254'),
	(1001,23,'刈谷市','2022-01-21 11:18:35.380001','2022-01-21 11:18:35.380001'),
	(1002,23,'豊田市','2022-01-21 11:18:35.415075','2022-01-21 11:18:35.415075'),
	(1003,23,'安城市','2022-01-21 11:18:35.460603','2022-01-21 11:18:35.460603'),
	(1004,23,'西尾市','2022-01-21 11:18:35.495208','2022-01-21 11:18:35.495208'),
	(1005,23,'蒲郡市','2022-01-21 11:18:35.573146','2022-01-21 11:18:35.573146'),
	(1006,23,'犬山市','2022-01-21 11:18:35.614883','2022-01-21 11:18:35.614883'),
	(1007,23,'常滑市','2022-01-21 11:18:35.713584','2022-01-21 11:18:35.713584'),
	(1008,23,'江南市','2022-01-21 11:18:35.749119','2022-01-21 11:18:35.749119'),
	(1009,23,'小牧市','2022-01-21 11:18:35.811889','2022-01-21 11:18:35.811889'),
	(1010,23,'稲沢市','2022-01-21 11:18:35.877223','2022-01-21 11:18:35.877223'),
	(1011,23,'新城市','2022-01-21 11:18:35.917954','2022-01-21 11:18:35.917954'),
	(1012,23,'東海市','2022-01-21 11:18:35.956797','2022-01-21 11:18:35.956797'),
	(1013,23,'大府市','2022-01-21 11:18:36.011940','2022-01-21 11:18:36.011940'),
	(1014,23,'知多市','2022-01-21 11:18:36.075259','2022-01-21 11:18:36.075259'),
	(1015,23,'知立市','2022-01-21 11:18:36.130458','2022-01-21 11:18:36.130458'),
	(1016,23,'尾張旭市','2022-01-21 11:18:36.170755','2022-01-21 11:18:36.170755'),
	(1017,23,'高浜市','2022-01-21 11:18:36.215754','2022-01-21 11:18:36.215754'),
	(1018,23,'岩倉市','2022-01-21 11:18:36.272719','2022-01-21 11:18:36.272719'),
	(1019,23,'豊明市','2022-01-21 11:18:36.312254','2022-01-21 11:18:36.312254'),
	(1020,23,'日進市','2022-01-21 11:18:36.336724','2022-01-21 11:18:36.336724'),
	(1021,23,'田原市','2022-01-21 11:18:36.395368','2022-01-21 11:18:36.395368'),
	(1022,23,'愛西市','2022-01-21 11:18:36.416668','2022-01-21 11:18:36.416668'),
	(1023,23,'清須市','2022-01-21 11:18:36.477325','2022-01-21 11:18:36.477325'),
	(1024,23,'北名古屋市','2022-01-21 11:18:36.508156','2022-01-21 11:18:36.508156'),
	(1025,23,'弥富市','2022-01-21 11:18:36.579512','2022-01-21 11:18:36.579512'),
	(1026,23,'みよし市','2022-01-21 11:18:36.649044','2022-01-21 11:18:36.649044'),
	(1027,23,'あま市','2022-01-21 11:18:36.725383','2022-01-21 11:18:36.725383'),
	(1028,23,'長久手市','2022-01-21 11:18:36.756343','2022-01-21 11:18:36.756343'),
	(1029,23,'東郷町','2022-01-21 11:18:36.807374','2022-01-21 11:18:36.807374'),
	(1030,23,'豊山町','2022-01-21 11:18:36.849082','2022-01-21 11:18:36.849082'),
	(1031,23,'大口町','2022-01-21 11:18:36.908322','2022-01-21 11:18:36.908322'),
	(1032,23,'扶桑町','2022-01-21 11:18:36.987425','2022-01-21 11:18:36.987425'),
	(1033,23,'大治町','2022-01-21 11:18:37.053996','2022-01-21 11:18:37.053996'),
	(1034,23,'蟹江町','2022-01-21 11:18:37.122443','2022-01-21 11:18:37.122443'),
	(1035,23,'飛島村','2022-01-21 11:18:37.176991','2022-01-21 11:18:37.176991'),
	(1036,23,'阿久比町','2022-01-21 11:18:37.240146','2022-01-21 11:18:37.240146'),
	(1037,23,'東浦町','2022-01-21 11:18:37.303724','2022-01-21 11:18:37.303724'),
	(1038,23,'南知多町','2022-01-21 11:18:37.364901','2022-01-21 11:18:37.364901'),
	(1039,23,'美浜町','2022-01-21 11:18:37.407976','2022-01-21 11:18:37.407976'),
	(1040,23,'武豊町','2022-01-21 11:18:37.469718','2022-01-21 11:18:37.469718'),
	(1041,23,'幸田町','2022-01-21 11:18:37.503953','2022-01-21 11:18:37.503953'),
	(1042,23,'設楽町','2022-01-21 11:18:37.564265','2022-01-21 11:18:37.564265'),
	(1043,23,'東栄町','2022-01-21 11:18:37.641495','2022-01-21 11:18:37.641495'),
	(1044,23,'豊根村','2022-01-21 11:18:37.763449','2022-01-21 11:18:37.763449'),
	(1045,24,'津市','2022-01-21 11:18:37.788112','2022-01-21 11:18:37.788112'),
	(1046,24,'四日市市','2022-01-21 11:18:37.814196','2022-01-21 11:18:37.814196'),
	(1047,24,'伊勢市','2022-01-21 11:18:37.868592','2022-01-21 11:18:37.868592'),
	(1048,24,'松阪市','2022-01-21 11:18:38.010004','2022-01-21 11:18:38.010004'),
	(1049,24,'桑名市','2022-01-21 11:18:38.105801','2022-01-21 11:18:38.105801'),
	(1050,24,'鈴鹿市','2022-01-21 11:18:38.158453','2022-01-21 11:18:38.158453'),
	(1051,24,'名張市','2022-01-21 11:18:38.193681','2022-01-21 11:18:38.193681'),
	(1052,24,'尾鷲市','2022-01-21 11:18:38.218268','2022-01-21 11:18:38.218268'),
	(1053,24,'亀山市','2022-01-21 11:18:38.253523','2022-01-21 11:18:38.253523'),
	(1054,24,'鳥羽市','2022-01-21 11:18:38.368366','2022-01-21 11:18:38.368366'),
	(1055,24,'熊野市','2022-01-21 11:18:38.402146','2022-01-21 11:18:38.402146'),
	(1056,24,'いなべ市','2022-01-21 11:18:38.419625','2022-01-21 11:18:38.419625'),
	(1057,24,'志摩市','2022-01-21 11:18:38.474209','2022-01-21 11:18:38.474209'),
	(1058,24,'伊賀市','2022-01-21 11:18:38.514166','2022-01-21 11:18:38.514166'),
	(1059,24,'木曽岬町','2022-01-21 11:18:38.547023','2022-01-21 11:18:38.547023'),
	(1060,24,'東員町','2022-01-21 11:18:38.577929','2022-01-21 11:18:38.577929'),
	(1061,24,'菰野町','2022-01-21 11:18:38.607633','2022-01-21 11:18:38.607633'),
	(1062,24,'朝日町','2022-01-21 11:18:38.678692','2022-01-21 11:18:38.678692'),
	(1063,24,'川越町','2022-01-21 11:18:38.732364','2022-01-21 11:18:38.732364'),
	(1064,24,'多気町','2022-01-21 11:18:38.781169','2022-01-21 11:18:38.781169'),
	(1065,24,'明和町','2022-01-21 11:18:38.828367','2022-01-21 11:18:38.828367'),
	(1066,24,'大台町','2022-01-21 11:18:38.904671','2022-01-21 11:18:38.904671'),
	(1067,24,'玉城町','2022-01-21 11:18:38.941213','2022-01-21 11:18:38.941213'),
	(1068,24,'度会町','2022-01-21 11:18:39.027830','2022-01-21 11:18:39.027830'),
	(1069,24,'大紀町','2022-01-21 11:18:39.132598','2022-01-21 11:18:39.132598'),
	(1070,24,'南伊勢町','2022-01-21 11:18:39.175215','2022-01-21 11:18:39.175215'),
	(1071,24,'紀北町','2022-01-21 11:18:39.214361','2022-01-21 11:18:39.214361'),
	(1072,24,'御浜町','2022-01-21 11:18:39.274759','2022-01-21 11:18:39.274759'),
	(1073,24,'紀宝町','2022-01-21 11:18:39.328004','2022-01-21 11:18:39.328004'),
	(1074,25,'大津市','2022-01-21 11:18:39.403831','2022-01-21 11:18:39.403831'),
	(1075,25,'彦根市','2022-01-21 11:18:39.483214','2022-01-21 11:18:39.483214'),
	(1076,25,'長浜市','2022-01-21 11:18:39.536869','2022-01-21 11:18:39.536869'),
	(1077,25,'近江八幡市','2022-01-21 11:18:39.569205','2022-01-21 11:18:39.569205'),
	(1078,25,'草津市','2022-01-21 11:18:39.593992','2022-01-21 11:18:39.593992'),
	(1079,25,'守山市','2022-01-21 11:18:39.628583','2022-01-21 11:18:39.628583'),
	(1080,25,'栗東市','2022-01-21 11:18:39.683735','2022-01-21 11:18:39.683735'),
	(1081,25,'甲賀市','2022-01-21 11:18:39.713916','2022-01-21 11:18:39.713916'),
	(1082,25,'野洲市','2022-01-21 11:18:39.741037','2022-01-21 11:18:39.741037'),
	(1083,25,'湖南市','2022-01-21 11:18:39.780594','2022-01-21 11:18:39.780594'),
	(1084,25,'高島市','2022-01-21 11:18:40.028353','2022-01-21 11:18:40.028353'),
	(1085,25,'東近江市','2022-01-21 11:18:40.063090','2022-01-21 11:18:40.063090'),
	(1086,25,'米原市','2022-01-21 11:18:40.170901','2022-01-21 11:18:40.170901'),
	(1087,25,'日野町','2022-01-21 11:18:40.215832','2022-01-21 11:18:40.215832'),
	(1088,25,'竜王町','2022-01-21 11:18:40.310086','2022-01-21 11:18:40.310086'),
	(1089,25,'愛荘町','2022-01-21 11:18:40.343252','2022-01-21 11:18:40.343252'),
	(1090,25,'豊郷町','2022-01-21 11:18:40.377695','2022-01-21 11:18:40.377695'),
	(1091,25,'甲良町','2022-01-21 11:18:40.499848','2022-01-21 11:18:40.499848'),
	(1092,25,'多賀町','2022-01-21 11:18:40.529379','2022-01-21 11:18:40.529379'),
	(1093,26,'京都市','2022-01-21 11:18:40.562342','2022-01-21 11:18:40.562342'),
	(1094,26,'福知山市','2022-01-21 11:18:40.586239','2022-01-21 11:18:40.586239'),
	(1095,26,'舞鶴市','2022-01-21 11:18:40.616161','2022-01-21 11:18:40.616161'),
	(1096,26,'綾部市','2022-01-21 11:18:40.698701','2022-01-21 11:18:40.698701'),
	(1097,26,'宇治市','2022-01-21 11:18:40.770123','2022-01-21 11:18:40.770123'),
	(1098,26,'宮津市','2022-01-21 11:18:40.834393','2022-01-21 11:18:40.834393'),
	(1099,26,'亀岡市','2022-01-21 11:18:40.914385','2022-01-21 11:18:40.914385'),
	(1100,26,'城陽市','2022-01-21 11:18:40.978219','2022-01-21 11:18:40.978219'),
	(1101,26,'向日市','2022-01-21 11:18:41.026117','2022-01-21 11:18:41.026117'),
	(1102,26,'長岡京市','2022-01-21 11:18:41.075276','2022-01-21 11:18:41.075276'),
	(1103,26,'八幡市','2022-01-21 11:18:41.156038','2022-01-21 11:18:41.156038'),
	(1104,26,'京田辺市','2022-01-21 11:18:41.195605','2022-01-21 11:18:41.195605'),
	(1105,26,'京丹後市','2022-01-21 11:18:41.232219','2022-01-21 11:18:41.232219'),
	(1106,26,'南丹市','2022-01-21 11:18:41.311040','2022-01-21 11:18:41.311040'),
	(1107,26,'木津川市','2022-01-21 11:18:41.372403','2022-01-21 11:18:41.372403'),
	(1108,26,'大山崎町','2022-01-21 11:18:41.412490','2022-01-21 11:18:41.412490'),
	(1109,26,'久御山町','2022-01-21 11:18:41.503168','2022-01-21 11:18:41.503168'),
	(1110,26,'井手町','2022-01-21 11:18:41.538179','2022-01-21 11:18:41.538179'),
	(1111,26,'宇治田原町','2022-01-21 11:18:41.580346','2022-01-21 11:18:41.580346'),
	(1112,26,'笠置町','2022-01-21 11:18:41.630460','2022-01-21 11:18:41.630460'),
	(1113,26,'和束町','2022-01-21 11:18:41.712417','2022-01-21 11:18:41.712417'),
	(1114,26,'精華町','2022-01-21 11:18:41.747025','2022-01-21 11:18:41.747025'),
	(1115,26,'南山城村','2022-01-21 11:18:41.807766','2022-01-21 11:18:41.807766'),
	(1116,26,'京丹波町','2022-01-21 11:18:41.908550','2022-01-21 11:18:41.908550'),
	(1117,26,'伊根町','2022-01-21 11:18:41.944824','2022-01-21 11:18:41.944824'),
	(1118,26,'与謝野町','2022-01-21 11:18:41.980595','2022-01-21 11:18:41.980595'),
	(1119,27,'大阪市','2022-01-21 11:18:42.016684','2022-01-21 11:18:42.016684'),
	(1120,27,'堺市','2022-01-21 11:18:42.047259','2022-01-21 11:18:42.047259'),
	(1121,27,'岸和田市','2022-01-21 11:18:42.174766','2022-01-21 11:18:42.174766'),
	(1122,27,'豊中市','2022-01-21 11:18:42.237659','2022-01-21 11:18:42.237659'),
	(1123,27,'池田市','2022-01-21 11:18:42.298003','2022-01-21 11:18:42.298003'),
	(1124,27,'吹田市','2022-01-21 11:18:42.334772','2022-01-21 11:18:42.334772'),
	(1125,27,'泉大津市','2022-01-21 11:18:42.380266','2022-01-21 11:18:42.380266'),
	(1126,27,'高槻市','2022-01-21 11:18:42.419309','2022-01-21 11:18:42.419309'),
	(1127,27,'貝塚市','2022-01-21 11:18:42.455243','2022-01-21 11:18:42.455243'),
	(1128,27,'守口市','2022-01-21 11:18:42.500331','2022-01-21 11:18:42.500331'),
	(1129,27,'枚方市','2022-01-21 11:18:42.590389','2022-01-21 11:18:42.590389'),
	(1130,27,'茨木市','2022-01-21 11:18:42.635273','2022-01-21 11:18:42.635273'),
	(1131,27,'八尾市','2022-01-21 11:18:42.660621','2022-01-21 11:18:42.660621'),
	(1132,27,'泉佐野市','2022-01-21 11:18:42.739375','2022-01-21 11:18:42.739375'),
	(1133,27,'富田林市','2022-01-21 11:18:42.777906','2022-01-21 11:18:42.777906'),
	(1134,27,'寝屋川市','2022-01-21 11:18:42.839753','2022-01-21 11:18:42.839753'),
	(1135,27,'河内長野市','2022-01-21 11:18:42.926829','2022-01-21 11:18:42.926829'),
	(1136,27,'松原市','2022-01-21 11:18:42.989923','2022-01-21 11:18:42.989923'),
	(1137,27,'大東市','2022-01-21 11:18:43.028048','2022-01-21 11:18:43.028048'),
	(1138,27,'和泉市','2022-01-21 11:18:43.048306','2022-01-21 11:18:43.048306'),
	(1139,27,'箕面市','2022-01-21 11:18:43.097499','2022-01-21 11:18:43.097499'),
	(1140,27,'柏原市','2022-01-21 11:18:43.160101','2022-01-21 11:18:43.160101'),
	(1141,27,'羽曳野市','2022-01-21 11:18:43.204637','2022-01-21 11:18:43.204637'),
	(1142,27,'門真市','2022-01-21 11:18:43.292462','2022-01-21 11:18:43.292462'),
	(1143,27,'摂津市','2022-01-21 11:18:43.326345','2022-01-21 11:18:43.326345'),
	(1144,27,'高石市','2022-01-21 11:18:43.390890','2022-01-21 11:18:43.390890'),
	(1145,27,'藤井寺市','2022-01-21 11:18:43.434007','2022-01-21 11:18:43.434007'),
	(1146,27,'東大阪市','2022-01-21 11:18:43.495656','2022-01-21 11:18:43.495656'),
	(1147,27,'泉南市','2022-01-21 11:18:43.538275','2022-01-21 11:18:43.538275'),
	(1148,27,'四條畷市','2022-01-21 11:18:43.620597','2022-01-21 11:18:43.620597'),
	(1149,27,'交野市','2022-01-21 11:18:43.696557','2022-01-21 11:18:43.696557'),
	(1150,27,'大阪狭山市','2022-01-21 11:18:43.740687','2022-01-21 11:18:43.740687'),
	(1151,27,'阪南市','2022-01-21 11:18:43.800388','2022-01-21 11:18:43.800388'),
	(1152,27,'島本町','2022-01-21 11:18:43.841960','2022-01-21 11:18:43.841960'),
	(1153,27,'豊能町','2022-01-21 11:18:43.934823','2022-01-21 11:18:43.934823'),
	(1154,27,'能勢町','2022-01-21 11:18:44.005157','2022-01-21 11:18:44.005157'),
	(1155,27,'忠岡町','2022-01-21 11:18:44.056558','2022-01-21 11:18:44.056558'),
	(1156,27,'熊取町','2022-01-21 11:18:44.116144','2022-01-21 11:18:44.116144'),
	(1157,27,'田尻町','2022-01-21 11:18:44.173131','2022-01-21 11:18:44.173131'),
	(1158,27,'岬町','2022-01-21 11:18:44.216695','2022-01-21 11:18:44.216695'),
	(1159,27,'太子町','2022-01-21 11:18:44.262187','2022-01-21 11:18:44.262187'),
	(1160,27,'河南町','2022-01-21 11:18:44.323221','2022-01-21 11:18:44.323221'),
	(1161,27,'千早赤阪村','2022-01-21 11:18:44.366067','2022-01-21 11:18:44.366067'),
	(1162,28,'神戸市','2022-01-21 11:18:44.404747','2022-01-21 11:18:44.404747'),
	(1163,28,'姫路市','2022-01-21 11:18:44.458018','2022-01-21 11:18:44.458018'),
	(1164,28,'尼崎市','2022-01-21 11:18:44.511133','2022-01-21 11:18:44.511133'),
	(1165,28,'明石市','2022-01-21 11:18:44.585603','2022-01-21 11:18:44.585603'),
	(1166,28,'西宮市','2022-01-21 11:18:44.624485','2022-01-21 11:18:44.624485'),
	(1167,28,'洲本市','2022-01-21 11:18:44.703932','2022-01-21 11:18:44.703932'),
	(1168,28,'芦屋市','2022-01-21 11:18:44.757936','2022-01-21 11:18:44.757936'),
	(1169,28,'伊丹市','2022-01-21 11:18:44.781478','2022-01-21 11:18:44.781478'),
	(1170,28,'相生市','2022-01-21 11:18:44.873650','2022-01-21 11:18:44.873650'),
	(1171,28,'豊岡市','2022-01-21 11:18:45.060374','2022-01-21 11:18:45.060374'),
	(1172,28,'加古川市','2022-01-21 11:18:45.112426','2022-01-21 11:18:45.112426'),
	(1173,28,'赤穂市','2022-01-21 11:18:45.139702','2022-01-21 11:18:45.139702'),
	(1174,28,'西脇市','2022-01-21 11:18:45.208314','2022-01-21 11:18:45.208314'),
	(1175,28,'宝塚市','2022-01-21 11:18:45.268490','2022-01-21 11:18:45.268490'),
	(1176,28,'三木市','2022-01-21 11:18:45.375234','2022-01-21 11:18:45.375234'),
	(1177,28,'高砂市','2022-01-21 11:18:45.427696','2022-01-21 11:18:45.427696'),
	(1178,28,'川西市','2022-01-21 11:18:45.457858','2022-01-21 11:18:45.457858'),
	(1179,28,'小野市','2022-01-21 11:18:45.503951','2022-01-21 11:18:45.503951'),
	(1180,28,'三田市','2022-01-21 11:18:45.552361','2022-01-21 11:18:45.552361'),
	(1181,28,'加西市','2022-01-21 11:18:45.588754','2022-01-21 11:18:45.588754'),
	(1182,28,'丹波篠山市','2022-01-21 11:18:45.621004','2022-01-21 11:18:45.621004'),
	(1183,28,'養父市','2022-01-21 11:18:45.666061','2022-01-21 11:18:45.666061'),
	(1184,28,'丹波市','2022-01-21 11:18:45.764517','2022-01-21 11:18:45.764517'),
	(1185,28,'南あわじ市','2022-01-21 11:18:45.822838','2022-01-21 11:18:45.822838'),
	(1186,28,'朝来市','2022-01-21 11:18:45.849905','2022-01-21 11:18:45.849905'),
	(1187,28,'淡路市','2022-01-21 11:18:45.888614','2022-01-21 11:18:45.888614'),
	(1188,28,'宍粟市','2022-01-21 11:18:45.938160','2022-01-21 11:18:45.938160'),
	(1189,28,'加東市','2022-01-21 11:18:45.980373','2022-01-21 11:18:45.980373'),
	(1190,28,'たつの市','2022-01-21 11:18:46.027669','2022-01-21 11:18:46.027669'),
	(1191,28,'猪名川町','2022-01-21 11:18:46.042679','2022-01-21 11:18:46.042679'),
	(1192,28,'多可町','2022-01-21 11:18:46.103178','2022-01-21 11:18:46.103178'),
	(1193,28,'稲美町','2022-01-21 11:18:46.148081','2022-01-21 11:18:46.148081'),
	(1194,28,'播磨町','2022-01-21 11:18:46.188898','2022-01-21 11:18:46.188898'),
	(1195,28,'市川町','2022-01-21 11:18:46.265203','2022-01-21 11:18:46.265203'),
	(1196,28,'福崎町','2022-01-21 11:18:46.327720','2022-01-21 11:18:46.327720'),
	(1197,28,'神河町','2022-01-21 11:18:46.370149','2022-01-21 11:18:46.370149'),
	(1198,28,'太子町','2022-01-21 11:18:46.422400','2022-01-21 11:18:46.422400'),
	(1199,28,'上郡町','2022-01-21 11:18:46.465752','2022-01-21 11:18:46.465752'),
	(1200,28,'佐用町','2022-01-21 11:18:46.543730','2022-01-21 11:18:46.543730'),
	(1201,28,'香美町','2022-01-21 11:18:46.594262','2022-01-21 11:18:46.594262'),
	(1202,28,'新温泉町','2022-01-21 11:18:46.650426','2022-01-21 11:18:46.650426'),
	(1203,29,'奈良市','2022-01-21 11:18:46.724134','2022-01-21 11:18:46.724134'),
	(1204,29,'大和高田市','2022-01-21 11:18:46.765035','2022-01-21 11:18:46.765035'),
	(1205,29,'大和郡山市','2022-01-21 11:18:46.842283','2022-01-21 11:18:46.842283'),
	(1206,29,'天理市','2022-01-21 11:18:46.874823','2022-01-21 11:18:46.874823'),
	(1207,29,'橿原市','2022-01-21 11:18:46.954635','2022-01-21 11:18:46.954635'),
	(1208,29,'桜井市','2022-01-21 11:18:46.998106','2022-01-21 11:18:46.998106'),
	(1209,29,'五條市','2022-01-21 11:18:47.030878','2022-01-21 11:18:47.030878'),
	(1210,29,'御所市','2022-01-21 11:18:47.084768','2022-01-21 11:18:47.084768'),
	(1211,29,'生駒市','2022-01-21 11:18:47.170925','2022-01-21 11:18:47.170925'),
	(1212,29,'香芝市','2022-01-21 11:18:47.215244','2022-01-21 11:18:47.215244'),
	(1213,29,'葛城市','2022-01-21 11:18:47.337605','2022-01-21 11:18:47.337605'),
	(1214,29,'宇陀市','2022-01-21 11:18:47.405120','2022-01-21 11:18:47.405120'),
	(1215,29,'山添村','2022-01-21 11:18:47.454526','2022-01-21 11:18:47.454526'),
	(1216,29,'平群町','2022-01-21 11:18:47.510053','2022-01-21 11:18:47.510053'),
	(1217,29,'三郷町','2022-01-21 11:18:47.581939','2022-01-21 11:18:47.581939'),
	(1218,29,'斑鳩町','2022-01-21 11:18:47.629041','2022-01-21 11:18:47.629041'),
	(1219,29,'安堵町','2022-01-21 11:18:47.781877','2022-01-21 11:18:47.781877'),
	(1220,29,'川西町','2022-01-21 11:18:47.819622','2022-01-21 11:18:47.819622'),
	(1221,29,'三宅町','2022-01-21 11:18:47.853575','2022-01-21 11:18:47.853575'),
	(1222,29,'田原本町','2022-01-21 11:18:47.885653','2022-01-21 11:18:47.885653'),
	(1223,29,'曽爾村','2022-01-21 11:18:47.920558','2022-01-21 11:18:47.920558'),
	(1224,29,'御杖村','2022-01-21 11:18:47.958872','2022-01-21 11:18:47.958872'),
	(1225,29,'高取町','2022-01-21 11:18:47.983245','2022-01-21 11:18:47.983245'),
	(1226,29,'明日香村','2022-01-21 11:18:48.051570','2022-01-21 11:18:48.051570'),
	(1227,29,'上牧町','2022-01-21 11:18:48.123897','2022-01-21 11:18:48.123897'),
	(1228,29,'王寺町','2022-01-21 11:18:48.191632','2022-01-21 11:18:48.191632'),
	(1229,29,'広陵町','2022-01-21 11:18:48.292663','2022-01-21 11:18:48.292663'),
	(1230,29,'河合町','2022-01-21 11:18:48.348902','2022-01-21 11:18:48.348902'),
	(1231,29,'吉野町','2022-01-21 11:18:48.380163','2022-01-21 11:18:48.380163'),
	(1232,29,'大淀町','2022-01-21 11:18:48.417236','2022-01-21 11:18:48.417236'),
	(1233,29,'下市町','2022-01-21 11:18:48.484810','2022-01-21 11:18:48.484810'),
	(1234,29,'黒滝村','2022-01-21 11:18:48.555980','2022-01-21 11:18:48.555980'),
	(1235,29,'天川村','2022-01-21 11:18:48.601566','2022-01-21 11:18:48.601566'),
	(1236,29,'野迫川村','2022-01-21 11:18:48.635175','2022-01-21 11:18:48.635175'),
	(1237,29,'十津川村','2022-01-21 11:18:48.726475','2022-01-21 11:18:48.726475'),
	(1238,29,'下北山村','2022-01-21 11:18:48.822065','2022-01-21 11:18:48.822065'),
	(1239,29,'上北山村','2022-01-21 11:18:48.880261','2022-01-21 11:18:48.880261'),
	(1240,29,'川上村','2022-01-21 11:18:48.950684','2022-01-21 11:18:48.950684'),
	(1241,29,'東吉野村','2022-01-21 11:18:48.994106','2022-01-21 11:18:48.994106'),
	(1242,30,'和歌山市','2022-01-21 11:18:49.033520','2022-01-21 11:18:49.033520'),
	(1243,30,'海南市','2022-01-21 11:18:49.062312','2022-01-21 11:18:49.062312'),
	(1244,30,'橋本市','2022-01-21 11:18:49.095918','2022-01-21 11:18:49.095918'),
	(1245,30,'有田市','2022-01-21 11:18:49.206410','2022-01-21 11:18:49.206410'),
	(1246,30,'御坊市','2022-01-21 11:18:49.289866','2022-01-21 11:18:49.289866'),
	(1247,30,'田辺市','2022-01-21 11:18:49.331135','2022-01-21 11:18:49.331135'),
	(1248,30,'新宮市','2022-01-21 11:18:49.418412','2022-01-21 11:18:49.418412'),
	(1249,30,'紀の川市','2022-01-21 11:18:49.457039','2022-01-21 11:18:49.457039'),
	(1250,30,'岩出市','2022-01-21 11:18:49.499962','2022-01-21 11:18:49.499962'),
	(1251,30,'紀美野町','2022-01-21 11:18:49.560280','2022-01-21 11:18:49.560280'),
	(1252,30,'かつらぎ町','2022-01-21 11:18:49.591550','2022-01-21 11:18:49.591550'),
	(1253,30,'九度山町','2022-01-21 11:18:49.667995','2022-01-21 11:18:49.667995'),
	(1254,30,'高野町','2022-01-21 11:18:49.756915','2022-01-21 11:18:49.756915'),
	(1255,30,'湯浅町','2022-01-21 11:18:49.804925','2022-01-21 11:18:49.804925'),
	(1256,30,'広川町','2022-01-21 11:18:49.856557','2022-01-21 11:18:49.856557'),
	(1257,30,'有田川町','2022-01-21 11:18:50.022300','2022-01-21 11:18:50.022300'),
	(1258,30,'美浜町','2022-01-21 11:18:50.066525','2022-01-21 11:18:50.066525'),
	(1259,30,'日高町','2022-01-21 11:18:50.105458','2022-01-21 11:18:50.105458'),
	(1260,30,'由良町','2022-01-21 11:18:50.293017','2022-01-21 11:18:50.293017'),
	(1261,30,'印南町','2022-01-21 11:18:50.359311','2022-01-21 11:18:50.359311'),
	(1262,30,'みなべ町','2022-01-21 11:18:50.394466','2022-01-21 11:18:50.394466'),
	(1263,30,'日高川町','2022-01-21 11:18:50.447300','2022-01-21 11:18:50.447300'),
	(1264,30,'白浜町','2022-01-21 11:18:50.470825','2022-01-21 11:18:50.470825'),
	(1265,30,'上富田町','2022-01-21 11:18:50.497079','2022-01-21 11:18:50.497079'),
	(1266,30,'すさみ町','2022-01-21 11:18:50.592058','2022-01-21 11:18:50.592058'),
	(1267,30,'那智勝浦町','2022-01-21 11:18:50.640733','2022-01-21 11:18:50.640733'),
	(1268,30,'太地町','2022-01-21 11:18:50.689290','2022-01-21 11:18:50.689290'),
	(1269,30,'古座川町','2022-01-21 11:18:50.752422','2022-01-21 11:18:50.752422'),
	(1270,30,'北山村','2022-01-21 11:18:50.804731','2022-01-21 11:18:50.804731'),
	(1271,30,'串本町','2022-01-21 11:18:50.859109','2022-01-21 11:18:50.859109'),
	(1272,31,'鳥取市','2022-01-21 11:18:51.027154','2022-01-21 11:18:51.027154'),
	(1273,31,'米子市','2022-01-21 11:18:51.228252','2022-01-21 11:18:51.228252'),
	(1274,31,'倉吉市','2022-01-21 11:18:51.507806','2022-01-21 11:18:51.507806'),
	(1275,31,'境港市','2022-01-21 11:18:51.572923','2022-01-21 11:18:51.572923'),
	(1276,31,'岩美町','2022-01-21 11:18:51.631523','2022-01-21 11:18:51.631523'),
	(1277,31,'若桜町','2022-01-21 11:18:51.920356','2022-01-21 11:18:51.920356'),
	(1278,31,'智頭町','2022-01-21 11:18:52.052920','2022-01-21 11:18:52.052920'),
	(1279,31,'八頭町','2022-01-21 11:18:52.242201','2022-01-21 11:18:52.242201'),
	(1280,31,'三朝町','2022-01-21 11:18:52.290806','2022-01-21 11:18:52.290806'),
	(1281,31,'湯梨浜町','2022-01-21 11:18:52.388688','2022-01-21 11:18:52.388688'),
	(1282,31,'琴浦町','2022-01-21 11:18:52.527865','2022-01-21 11:18:52.527865'),
	(1283,31,'北栄町','2022-01-21 11:18:52.622310','2022-01-21 11:18:52.622310'),
	(1284,31,'日吉津村','2022-01-21 11:18:52.721016','2022-01-21 11:18:52.721016'),
	(1285,31,'大山町','2022-01-21 11:18:52.780782','2022-01-21 11:18:52.780782'),
	(1286,31,'南部町','2022-01-21 11:18:52.825612','2022-01-21 11:18:52.825612'),
	(1287,31,'伯耆町','2022-01-21 11:18:52.887049','2022-01-21 11:18:52.887049'),
	(1288,31,'日南町','2022-01-21 11:18:53.086821','2022-01-21 11:18:53.086821'),
	(1289,31,'日野町','2022-01-21 11:18:53.191036','2022-01-21 11:18:53.191036'),
	(1290,31,'江府町','2022-01-21 11:18:53.314093','2022-01-21 11:18:53.314093'),
	(1291,32,'松江市','2022-01-21 11:18:53.453501','2022-01-21 11:18:53.453501'),
	(1292,32,'浜田市','2022-01-21 11:18:53.960617','2022-01-21 11:18:53.960617'),
	(1293,32,'出雲市','2022-01-21 11:18:54.808955','2022-01-21 11:18:54.808955'),
	(1294,32,'益田市','2022-01-21 11:18:54.860117','2022-01-21 11:18:54.860117'),
	(1295,32,'大田市','2022-01-21 11:18:54.912726','2022-01-21 11:18:54.912726'),
	(1296,32,'安来市','2022-01-21 11:18:55.384973','2022-01-21 11:18:55.384973'),
	(1297,32,'江津市','2022-01-21 11:18:55.825044','2022-01-21 11:18:55.825044'),
	(1298,32,'雲南市','2022-01-21 11:18:56.086049','2022-01-21 11:18:56.086049'),
	(1299,32,'奥出雲町','2022-01-21 11:18:56.576852','2022-01-21 11:18:56.576852'),
	(1300,32,'飯南町','2022-01-21 11:18:57.246554','2022-01-21 11:18:57.246554'),
	(1301,32,'川本町','2022-01-21 11:18:57.284121','2022-01-21 11:18:57.284121'),
	(1302,32,'美郷町','2022-01-21 11:18:57.590051','2022-01-21 11:18:57.590051'),
	(1303,32,'邑南町','2022-01-21 11:18:57.641459','2022-01-21 11:18:57.641459'),
	(1304,32,'津和野町','2022-01-21 11:18:58.229705','2022-01-21 11:18:58.229705'),
	(1305,32,'吉賀町','2022-01-21 11:18:58.450190','2022-01-21 11:18:58.450190'),
	(1306,32,'海士町','2022-01-21 11:18:58.493162','2022-01-21 11:18:58.493162'),
	(1307,32,'西ノ島町','2022-01-21 11:18:58.896718','2022-01-21 11:18:58.896718'),
	(1308,32,'知夫村','2022-01-21 11:18:59.197929','2022-01-21 11:18:59.197929'),
	(1309,32,'隠岐の島町','2022-01-21 11:18:59.268216','2022-01-21 11:18:59.268216'),
	(1310,33,'岡山市','2022-01-21 11:18:59.588606','2022-01-21 11:18:59.588606'),
	(1311,33,'倉敷市','2022-01-21 11:18:59.865274','2022-01-21 11:18:59.865274'),
	(1312,33,'津山市','2022-01-21 11:18:59.901460','2022-01-21 11:18:59.901460'),
	(1313,33,'玉野市','2022-01-21 11:19:00.057740','2022-01-21 11:19:00.057740'),
	(1314,33,'笠岡市','2022-01-21 11:19:00.108229','2022-01-21 11:19:00.108229'),
	(1315,33,'井原市','2022-01-21 11:19:00.156735','2022-01-21 11:19:00.156735'),
	(1316,33,'総社市','2022-01-21 11:19:00.427731','2022-01-21 11:19:00.427731'),
	(1317,33,'高梁市','2022-01-21 11:19:00.500790','2022-01-21 11:19:00.500790'),
	(1318,33,'新見市','2022-01-21 11:19:00.557634','2022-01-21 11:19:00.557634'),
	(1319,33,'備前市','2022-01-21 11:19:00.634146','2022-01-21 11:19:00.634146'),
	(1320,33,'瀬戸内市','2022-01-21 11:19:00.735914','2022-01-21 11:19:00.735914'),
	(1321,33,'赤磐市','2022-01-21 11:19:00.852227','2022-01-21 11:19:00.852227'),
	(1322,33,'真庭市','2022-01-21 11:19:01.129228','2022-01-21 11:19:01.129228'),
	(1323,33,'美作市','2022-01-21 11:19:01.183925','2022-01-21 11:19:01.183925'),
	(1324,33,'浅口市','2022-01-21 11:19:01.248572','2022-01-21 11:19:01.248572'),
	(1325,33,'和気町','2022-01-21 11:19:01.396596','2022-01-21 11:19:01.396596'),
	(1326,33,'早島町','2022-01-21 11:19:01.486740','2022-01-21 11:19:01.486740'),
	(1327,33,'里庄町','2022-01-21 11:19:01.580791','2022-01-21 11:19:01.580791'),
	(1328,33,'矢掛町','2022-01-21 11:19:01.689730','2022-01-21 11:19:01.689730'),
	(1329,33,'新庄村','2022-01-21 11:19:01.728576','2022-01-21 11:19:01.728576'),
	(1330,33,'鏡野町','2022-01-21 11:19:01.775286','2022-01-21 11:19:01.775286'),
	(1331,33,'勝央町','2022-01-21 11:19:01.942308','2022-01-21 11:19:01.942308'),
	(1332,33,'奈義町','2022-01-21 11:19:01.992160','2022-01-21 11:19:01.992160'),
	(1333,33,'西粟倉村','2022-01-21 11:19:02.081832','2022-01-21 11:19:02.081832'),
	(1334,33,'久米南町','2022-01-21 11:19:02.149287','2022-01-21 11:19:02.149287'),
	(1335,33,'美咲町','2022-01-21 11:19:02.208662','2022-01-21 11:19:02.208662'),
	(1336,33,'吉備中央町','2022-01-21 11:19:02.282481','2022-01-21 11:19:02.282481'),
	(1337,34,'広島市','2022-01-21 11:19:02.317266','2022-01-21 11:19:02.317266'),
	(1338,34,'呉市','2022-01-21 11:19:02.359104','2022-01-21 11:19:02.359104'),
	(1339,34,'竹原市','2022-01-21 11:19:02.435423','2022-01-21 11:19:02.435423'),
	(1340,34,'三原市','2022-01-21 11:19:02.485546','2022-01-21 11:19:02.485546'),
	(1341,34,'尾道市','2022-01-21 11:19:02.514697','2022-01-21 11:19:02.514697'),
	(1342,34,'福山市','2022-01-21 11:19:02.574233','2022-01-21 11:19:02.574233'),
	(1343,34,'府中市','2022-01-21 11:19:02.610443','2022-01-21 11:19:02.610443'),
	(1344,34,'三次市','2022-01-21 11:19:02.759726','2022-01-21 11:19:02.759726'),
	(1345,34,'庄原市','2022-01-21 11:19:02.842268','2022-01-21 11:19:02.842268'),
	(1346,34,'大竹市','2022-01-21 11:19:02.889029','2022-01-21 11:19:02.889029'),
	(1347,34,'東広島市','2022-01-21 11:19:02.937478','2022-01-21 11:19:02.937478'),
	(1348,34,'廿日市市','2022-01-21 11:19:02.973087','2022-01-21 11:19:02.973087'),
	(1349,34,'安芸高田市','2022-01-21 11:19:03.040326','2022-01-21 11:19:03.040326'),
	(1350,34,'江田島市','2022-01-21 11:19:03.077971','2022-01-21 11:19:03.077971'),
	(1351,34,'府中町','2022-01-21 11:19:03.109936','2022-01-21 11:19:03.109936'),
	(1352,34,'海田町','2022-01-21 11:19:03.148158','2022-01-21 11:19:03.148158'),
	(1353,34,'熊野町','2022-01-21 11:19:03.183446','2022-01-21 11:19:03.183446'),
	(1354,34,'坂町','2022-01-21 11:19:03.219548','2022-01-21 11:19:03.219548'),
	(1355,34,'安芸太田町','2022-01-21 11:19:03.283617','2022-01-21 11:19:03.283617'),
	(1356,34,'北広島町','2022-01-21 11:19:03.331603','2022-01-21 11:19:03.331603'),
	(1357,34,'大崎上島町','2022-01-21 11:19:03.391752','2022-01-21 11:19:03.391752'),
	(1358,34,'世羅町','2022-01-21 11:19:03.456598','2022-01-21 11:19:03.456598'),
	(1359,34,'神石高原町','2022-01-21 11:19:03.502368','2022-01-21 11:19:03.502368'),
	(1360,35,'下関市','2022-01-21 11:19:03.562587','2022-01-21 11:19:03.562587'),
	(1361,35,'宇部市','2022-01-21 11:19:03.615347','2022-01-21 11:19:03.615347'),
	(1362,35,'山口市','2022-01-21 11:19:03.674389','2022-01-21 11:19:03.674389'),
	(1363,35,'萩市','2022-01-21 11:19:03.740591','2022-01-21 11:19:03.740591'),
	(1364,35,'防府市','2022-01-21 11:19:03.774502','2022-01-21 11:19:03.774502'),
	(1365,35,'下松市','2022-01-21 11:19:03.857478','2022-01-21 11:19:03.857478'),
	(1366,35,'岩国市','2022-01-21 11:19:03.907425','2022-01-21 11:19:03.907425'),
	(1367,35,'光市','2022-01-21 11:19:03.944545','2022-01-21 11:19:03.944545'),
	(1368,35,'長門市','2022-01-21 11:19:03.981159','2022-01-21 11:19:03.981159'),
	(1369,35,'柳井市','2022-01-21 11:19:04.045624','2022-01-21 11:19:04.045624'),
	(1370,35,'美祢市','2022-01-21 11:19:04.126645','2022-01-21 11:19:04.126645'),
	(1371,35,'周南市','2022-01-21 11:19:04.173982','2022-01-21 11:19:04.173982'),
	(1372,35,'山陽小野田市','2022-01-21 11:19:04.252247','2022-01-21 11:19:04.252247'),
	(1373,35,'周防大島町','2022-01-21 11:19:04.295913','2022-01-21 11:19:04.295913'),
	(1374,35,'和木町','2022-01-21 11:19:04.326182','2022-01-21 11:19:04.326182'),
	(1375,35,'上関町','2022-01-21 11:19:04.376772','2022-01-21 11:19:04.376772'),
	(1376,35,'田布施町','2022-01-21 11:19:04.421365','2022-01-21 11:19:04.421365'),
	(1377,35,'平生町','2022-01-21 11:19:04.489262','2022-01-21 11:19:04.489262'),
	(1378,35,'阿武町','2022-01-21 11:19:04.525618','2022-01-21 11:19:04.525618'),
	(1379,36,'徳島市','2022-01-21 11:19:04.554568','2022-01-21 11:19:04.554568'),
	(1380,36,'鳴門市','2022-01-21 11:19:04.606768','2022-01-21 11:19:04.606768'),
	(1381,36,'小松島市','2022-01-21 11:19:04.670713','2022-01-21 11:19:04.670713'),
	(1382,36,'阿南市','2022-01-21 11:19:04.725267','2022-01-21 11:19:04.725267'),
	(1383,36,'吉野川市','2022-01-21 11:19:04.781135','2022-01-21 11:19:04.781135'),
	(1384,36,'阿波市','2022-01-21 11:19:04.822384','2022-01-21 11:19:04.822384'),
	(1385,36,'美馬市','2022-01-21 11:19:04.978339','2022-01-21 11:19:04.978339'),
	(1386,36,'三好市','2022-01-21 11:19:05.072967','2022-01-21 11:19:05.072967'),
	(1387,36,'勝浦町','2022-01-21 11:19:05.122086','2022-01-21 11:19:05.122086'),
	(1388,36,'上勝町','2022-01-21 11:19:05.159174','2022-01-21 11:19:05.159174'),
	(1389,36,'佐那河内村','2022-01-21 11:19:05.219839','2022-01-21 11:19:05.219839'),
	(1390,36,'石井町','2022-01-21 11:19:05.274191','2022-01-21 11:19:05.274191'),
	(1391,36,'神山町','2022-01-21 11:19:05.312435','2022-01-21 11:19:05.312435'),
	(1392,36,'那賀町','2022-01-21 11:19:05.346651','2022-01-21 11:19:05.346651'),
	(1393,36,'牟岐町','2022-01-21 11:19:05.407808','2022-01-21 11:19:05.407808'),
	(1394,36,'美波町','2022-01-21 11:19:05.462248','2022-01-21 11:19:05.462248'),
	(1395,36,'海陽町','2022-01-21 11:19:05.506575','2022-01-21 11:19:05.506575'),
	(1396,36,'松茂町','2022-01-21 11:19:05.540303','2022-01-21 11:19:05.540303'),
	(1397,36,'北島町','2022-01-21 11:19:05.587488','2022-01-21 11:19:05.587488'),
	(1398,36,'藍住町','2022-01-21 11:19:05.623055','2022-01-21 11:19:05.623055'),
	(1399,36,'板野町','2022-01-21 11:19:05.683383','2022-01-21 11:19:05.683383'),
	(1400,36,'上板町','2022-01-21 11:19:05.741506','2022-01-21 11:19:05.741506'),
	(1401,36,'つるぎ町','2022-01-21 11:19:05.757352','2022-01-21 11:19:05.757352'),
	(1402,36,'東みよし町','2022-01-21 11:19:05.819727','2022-01-21 11:19:05.819727'),
	(1403,37,'高松市','2022-01-21 11:19:05.885821','2022-01-21 11:19:05.885821'),
	(1404,37,'丸亀市','2022-01-21 11:19:05.937054','2022-01-21 11:19:05.937054'),
	(1405,37,'坂出市','2022-01-21 11:19:05.984629','2022-01-21 11:19:05.984629'),
	(1406,37,'善通寺市','2022-01-21 11:19:06.012187','2022-01-21 11:19:06.012187'),
	(1407,37,'観音寺市','2022-01-21 11:19:06.078146','2022-01-21 11:19:06.078146'),
	(1408,37,'さぬき市','2022-01-21 11:19:06.117064','2022-01-21 11:19:06.117064'),
	(1409,37,'東かがわ市','2022-01-21 11:19:06.173822','2022-01-21 11:19:06.173822'),
	(1410,37,'三豊市','2022-01-21 11:19:06.211045','2022-01-21 11:19:06.211045'),
	(1411,37,'土庄町','2022-01-21 11:19:06.280284','2022-01-21 11:19:06.280284'),
	(1412,37,'小豆島町','2022-01-21 11:19:06.314031','2022-01-21 11:19:06.314031'),
	(1413,37,'三木町','2022-01-21 11:19:06.353428','2022-01-21 11:19:06.353428'),
	(1414,37,'直島町','2022-01-21 11:19:06.412719','2022-01-21 11:19:06.412719'),
	(1415,37,'宇多津町','2022-01-21 11:19:06.485124','2022-01-21 11:19:06.485124'),
	(1416,37,'綾川町','2022-01-21 11:19:06.514305','2022-01-21 11:19:06.514305'),
	(1417,37,'琴平町','2022-01-21 11:19:06.544142','2022-01-21 11:19:06.544142'),
	(1418,37,'多度津町','2022-01-21 11:19:06.586574','2022-01-21 11:19:06.586574'),
	(1419,37,'まんのう町','2022-01-21 11:19:06.624141','2022-01-21 11:19:06.624141'),
	(1420,38,'松山市','2022-01-21 11:19:06.707559','2022-01-21 11:19:06.707559'),
	(1421,38,'今治市','2022-01-21 11:19:06.746245','2022-01-21 11:19:06.746245'),
	(1422,38,'宇和島市','2022-01-21 11:19:06.809354','2022-01-21 11:19:06.809354'),
	(1423,38,'八幡浜市','2022-01-21 11:19:06.871832','2022-01-21 11:19:06.871832'),
	(1424,38,'新居浜市','2022-01-21 11:19:06.903302','2022-01-21 11:19:06.903302'),
	(1425,38,'西条市','2022-01-21 11:19:06.970658','2022-01-21 11:19:06.970658'),
	(1426,38,'大洲市','2022-01-21 11:19:07.010325','2022-01-21 11:19:07.010325'),
	(1427,38,'伊予市','2022-01-21 11:19:07.049452','2022-01-21 11:19:07.049452'),
	(1428,38,'四国中央市','2022-01-21 11:19:07.085735','2022-01-21 11:19:07.085735'),
	(1429,38,'西予市','2022-01-21 11:19:07.164615','2022-01-21 11:19:07.164615'),
	(1430,38,'東温市','2022-01-21 11:19:07.194673','2022-01-21 11:19:07.194673'),
	(1431,38,'上島町','2022-01-21 11:19:07.265786','2022-01-21 11:19:07.265786'),
	(1432,38,'久万高原町','2022-01-21 11:19:07.353524','2022-01-21 11:19:07.353524'),
	(1433,38,'松前町','2022-01-21 11:19:07.423892','2022-01-21 11:19:07.423892'),
	(1434,38,'砥部町','2022-01-21 11:19:07.482595','2022-01-21 11:19:07.482595'),
	(1435,38,'内子町','2022-01-21 11:19:07.536594','2022-01-21 11:19:07.536594'),
	(1436,38,'伊方町','2022-01-21 11:19:07.610265','2022-01-21 11:19:07.610265'),
	(1437,38,'松野町','2022-01-21 11:19:07.680360','2022-01-21 11:19:07.680360'),
	(1438,38,'鬼北町','2022-01-21 11:19:07.757183','2022-01-21 11:19:07.757183'),
	(1439,38,'愛南町','2022-01-21 11:19:07.817459','2022-01-21 11:19:07.817459'),
	(1440,39,'高知市','2022-01-21 11:19:08.001465','2022-01-21 11:19:08.001465'),
	(1441,39,'室戸市','2022-01-21 11:19:08.150653','2022-01-21 11:19:08.150653'),
	(1442,39,'安芸市','2022-01-21 11:19:08.308648','2022-01-21 11:19:08.308648'),
	(1443,39,'南国市','2022-01-21 11:19:08.420340','2022-01-21 11:19:08.420340'),
	(1444,39,'土佐市','2022-01-21 11:19:08.480409','2022-01-21 11:19:08.480409'),
	(1445,39,'須崎市','2022-01-21 11:19:08.537997','2022-01-21 11:19:08.537997'),
	(1446,39,'宿毛市','2022-01-21 11:19:08.615745','2022-01-21 11:19:08.615745'),
	(1447,39,'土佐清水市','2022-01-21 11:19:08.849923','2022-01-21 11:19:08.849923'),
	(1448,39,'四万十市','2022-01-21 11:19:08.979329','2022-01-21 11:19:08.979329'),
	(1449,39,'香南市','2022-01-21 11:19:09.020129','2022-01-21 11:19:09.020129'),
	(1450,39,'香美市','2022-01-21 11:19:09.335424','2022-01-21 11:19:09.335424'),
	(1451,39,'東洋町','2022-01-21 11:19:09.404872','2022-01-21 11:19:09.404872'),
	(1452,39,'奈半利町','2022-01-21 11:19:09.478241','2022-01-21 11:19:09.478241'),
	(1453,39,'田野町','2022-01-21 11:19:09.550380','2022-01-21 11:19:09.550380'),
	(1454,39,'安田町','2022-01-21 11:19:09.578683','2022-01-21 11:19:09.578683'),
	(1455,39,'北川村','2022-01-21 11:19:09.646437','2022-01-21 11:19:09.646437'),
	(1456,39,'馬路村','2022-01-21 11:19:09.800903','2022-01-21 11:19:09.800903'),
	(1457,39,'芸西村','2022-01-21 11:19:09.848593','2022-01-21 11:19:09.848593'),
	(1458,39,'本山町','2022-01-21 11:19:10.438885','2022-01-21 11:19:10.438885'),
	(1459,39,'大豊町','2022-01-21 11:19:10.810748','2022-01-21 11:19:10.810748'),
	(1460,39,'土佐町','2022-01-21 11:19:11.235955','2022-01-21 11:19:11.235955'),
	(1461,39,'大川村','2022-01-21 11:19:11.369563','2022-01-21 11:19:11.369563'),
	(1462,39,'いの町','2022-01-21 11:19:11.571830','2022-01-21 11:19:11.571830'),
	(1463,39,'仁淀川町','2022-01-21 11:19:11.609421','2022-01-21 11:19:11.609421'),
	(1464,39,'中土佐町','2022-01-21 11:19:11.645865','2022-01-21 11:19:11.645865'),
	(1465,39,'佐川町','2022-01-21 11:19:11.745281','2022-01-21 11:19:11.745281'),
	(1466,39,'越知町','2022-01-21 11:19:11.830039','2022-01-21 11:19:11.830039'),
	(1467,39,'梼原町','2022-01-21 11:19:11.883149','2022-01-21 11:19:11.883149'),
	(1468,39,'日高村','2022-01-21 11:19:11.919336','2022-01-21 11:19:11.919336'),
	(1469,39,'津野町','2022-01-21 11:19:12.139299','2022-01-21 11:19:12.139299'),
	(1470,39,'四万十町','2022-01-21 11:19:12.236257','2022-01-21 11:19:12.236257'),
	(1471,39,'大月町','2022-01-21 11:19:12.268540','2022-01-21 11:19:12.268540'),
	(1472,39,'三原村','2022-01-21 11:19:12.335302','2022-01-21 11:19:12.335302'),
	(1473,39,'黒潮町','2022-01-21 11:19:12.377179','2022-01-21 11:19:12.377179'),
	(1474,40,'北九州市','2022-01-21 11:19:12.562213','2022-01-21 11:19:12.562213'),
	(1475,40,'福岡市','2022-01-21 11:19:12.593984','2022-01-21 11:19:12.593984'),
	(1476,40,'大牟田市','2022-01-21 11:19:12.640664','2022-01-21 11:19:12.640664'),
	(1477,40,'久留米市','2022-01-21 11:19:12.677233','2022-01-21 11:19:12.677233'),
	(1478,40,'直方市','2022-01-21 11:19:12.879545','2022-01-21 11:19:12.879545'),
	(1479,40,'飯塚市','2022-01-21 11:19:13.081951','2022-01-21 11:19:13.081951'),
	(1480,40,'田川市','2022-01-21 11:19:13.108033','2022-01-21 11:19:13.108033'),
	(1481,40,'柳川市','2022-01-21 11:19:13.235642','2022-01-21 11:19:13.235642'),
	(1482,40,'八女市','2022-01-21 11:19:13.278748','2022-01-21 11:19:13.278748'),
	(1483,40,'筑後市','2022-01-21 11:19:13.430385','2022-01-21 11:19:13.430385'),
	(1484,40,'大川市','2022-01-21 11:19:13.477874','2022-01-21 11:19:13.477874'),
	(1485,40,'行橋市','2022-01-21 11:19:13.534371','2022-01-21 11:19:13.534371'),
	(1486,40,'豊前市','2022-01-21 11:19:13.704570','2022-01-21 11:19:13.704570'),
	(1487,40,'中間市','2022-01-21 11:19:13.735945','2022-01-21 11:19:13.735945'),
	(1488,40,'小郡市','2022-01-21 11:19:13.780246','2022-01-21 11:19:13.780246'),
	(1489,40,'筑紫野市','2022-01-21 11:19:13.863328','2022-01-21 11:19:13.863328'),
	(1490,40,'春日市','2022-01-21 11:19:13.970027','2022-01-21 11:19:13.970027'),
	(1491,40,'大野城市','2022-01-21 11:19:14.034164','2022-01-21 11:19:14.034164'),
	(1492,40,'宗像市','2022-01-21 11:19:14.137197','2022-01-21 11:19:14.137197'),
	(1493,40,'太宰府市','2022-01-21 11:19:14.163148','2022-01-21 11:19:14.163148'),
	(1494,40,'古賀市','2022-01-21 11:19:14.223707','2022-01-21 11:19:14.223707'),
	(1495,40,'福津市','2022-01-21 11:19:14.296751','2022-01-21 11:19:14.296751'),
	(1496,40,'うきは市','2022-01-21 11:19:14.339459','2022-01-21 11:19:14.339459'),
	(1497,40,'宮若市','2022-01-21 11:19:14.430220','2022-01-21 11:19:14.430220'),
	(1498,40,'嘉麻市','2022-01-21 11:19:14.606507','2022-01-21 11:19:14.606507'),
	(1499,40,'朝倉市','2022-01-21 11:19:14.728455','2022-01-21 11:19:14.728455'),
	(1500,40,'みやま市','2022-01-21 11:19:14.911114','2022-01-21 11:19:14.911114'),
	(1501,40,'糸島市','2022-01-21 11:19:15.210871','2022-01-21 11:19:15.210871'),
	(1502,40,'那珂川市','2022-01-21 11:19:15.298673','2022-01-21 11:19:15.298673'),
	(1503,40,'宇美町','2022-01-21 11:19:15.659645','2022-01-21 11:19:15.659645'),
	(1504,40,'篠栗町','2022-01-21 11:19:15.859304','2022-01-21 11:19:15.859304'),
	(1505,40,'志免町','2022-01-21 11:19:16.087208','2022-01-21 11:19:16.087208'),
	(1506,40,'須恵町','2022-01-21 11:19:16.360335','2022-01-21 11:19:16.360335'),
	(1507,40,'新宮町','2022-01-21 11:19:16.400113','2022-01-21 11:19:16.400113'),
	(1508,40,'久山町','2022-01-21 11:19:16.724692','2022-01-21 11:19:16.724692'),
	(1509,40,'粕屋町','2022-01-21 11:19:16.766830','2022-01-21 11:19:16.766830'),
	(1510,40,'芦屋町','2022-01-21 11:19:17.110702','2022-01-21 11:19:17.110702'),
	(1511,40,'水巻町','2022-01-21 11:19:17.526109','2022-01-21 11:19:17.526109'),
	(1512,40,'岡垣町','2022-01-21 11:19:17.558404','2022-01-21 11:19:17.558404'),
	(1513,40,'遠賀町','2022-01-21 11:19:17.894779','2022-01-21 11:19:17.894779'),
	(1514,40,'小竹町','2022-01-21 11:19:17.966481','2022-01-21 11:19:17.966481'),
	(1515,40,'鞍手町','2022-01-21 11:19:18.061655','2022-01-21 11:19:18.061655'),
	(1516,40,'桂川町','2022-01-21 11:19:18.196647','2022-01-21 11:19:18.196647'),
	(1517,40,'筑前町','2022-01-21 11:19:18.227766','2022-01-21 11:19:18.227766'),
	(1518,40,'東峰村','2022-01-21 11:19:18.262137','2022-01-21 11:19:18.262137'),
	(1519,40,'大刀洗町','2022-01-21 11:19:18.401259','2022-01-21 11:19:18.401259'),
	(1520,40,'大木町','2022-01-21 11:19:18.496756','2022-01-21 11:19:18.496756'),
	(1521,40,'広川町','2022-01-21 11:19:18.586931','2022-01-21 11:19:18.586931'),
	(1522,40,'香春町','2022-01-21 11:19:18.664888','2022-01-21 11:19:18.664888'),
	(1523,40,'添田町','2022-01-21 11:19:18.812442','2022-01-21 11:19:18.812442'),
	(1524,40,'糸田町','2022-01-21 11:19:19.092867','2022-01-21 11:19:19.092867'),
	(1525,40,'川崎町','2022-01-21 11:19:19.153548','2022-01-21 11:19:19.153548'),
	(1526,40,'大任町','2022-01-21 11:19:19.282792','2022-01-21 11:19:19.282792'),
	(1527,40,'赤村','2022-01-21 11:19:19.353011','2022-01-21 11:19:19.353011'),
	(1528,40,'福智町','2022-01-21 11:19:19.572972','2022-01-21 11:19:19.572972'),
	(1529,40,'苅田町','2022-01-21 11:19:19.601069','2022-01-21 11:19:19.601069'),
	(1530,40,'みやこ町','2022-01-21 11:19:19.662227','2022-01-21 11:19:19.662227'),
	(1531,40,'吉富町','2022-01-21 11:19:19.789673','2022-01-21 11:19:19.789673'),
	(1532,40,'上毛町','2022-01-21 11:19:19.925298','2022-01-21 11:19:19.925298'),
	(1533,40,'築上町','2022-01-21 11:19:20.006059','2022-01-21 11:19:20.006059'),
	(1534,41,'佐賀市','2022-01-21 11:19:20.049989','2022-01-21 11:19:20.049989'),
	(1535,41,'唐津市','2022-01-21 11:19:20.108530','2022-01-21 11:19:20.108530'),
	(1536,41,'鳥栖市','2022-01-21 11:19:20.160144','2022-01-21 11:19:20.160144'),
	(1537,41,'多久市','2022-01-21 11:19:20.253189','2022-01-21 11:19:20.253189'),
	(1538,41,'伊万里市','2022-01-21 11:19:20.334177','2022-01-21 11:19:20.334177'),
	(1539,41,'武雄市','2022-01-21 11:19:20.368413','2022-01-21 11:19:20.368413'),
	(1540,41,'鹿島市','2022-01-21 11:19:20.428588','2022-01-21 11:19:20.428588'),
	(1541,41,'小城市','2022-01-21 11:19:20.482169','2022-01-21 11:19:20.482169'),
	(1542,41,'嬉野市','2022-01-21 11:19:20.569022','2022-01-21 11:19:20.569022'),
	(1543,41,'神埼市','2022-01-21 11:19:20.618615','2022-01-21 11:19:20.618615'),
	(1544,41,'吉野ヶ里町','2022-01-21 11:19:20.661977','2022-01-21 11:19:20.661977'),
	(1545,41,'基山町','2022-01-21 11:19:20.743512','2022-01-21 11:19:20.743512'),
	(1546,41,'上峰町','2022-01-21 11:19:20.790818','2022-01-21 11:19:20.790818'),
	(1547,41,'みやき町','2022-01-21 11:19:21.233418','2022-01-21 11:19:21.233418'),
	(1548,41,'玄海町','2022-01-21 11:19:21.318232','2022-01-21 11:19:21.318232'),
	(1549,41,'有田町','2022-01-21 11:19:21.488789','2022-01-21 11:19:21.488789'),
	(1550,41,'大町町','2022-01-21 11:19:21.530259','2022-01-21 11:19:21.530259'),
	(1551,41,'江北町','2022-01-21 11:19:21.824881','2022-01-21 11:19:21.824881'),
	(1552,41,'白石町','2022-01-21 11:19:22.198755','2022-01-21 11:19:22.198755'),
	(1553,41,'太良町','2022-01-21 11:19:22.247246','2022-01-21 11:19:22.247246'),
	(1554,42,'長崎市','2022-01-21 11:19:22.278471','2022-01-21 11:19:22.278471'),
	(1555,42,'佐世保市','2022-01-21 11:19:22.324549','2022-01-21 11:19:22.324549'),
	(1556,42,'島原市','2022-01-21 11:19:22.417994','2022-01-21 11:19:22.417994'),
	(1557,42,'諫早市','2022-01-21 11:19:22.496470','2022-01-21 11:19:22.496470'),
	(1558,42,'大村市','2022-01-21 11:19:22.553776','2022-01-21 11:19:22.553776'),
	(1559,42,'平戸市','2022-01-21 11:19:22.613342','2022-01-21 11:19:22.613342'),
	(1560,42,'松浦市','2022-01-21 11:19:22.641940','2022-01-21 11:19:22.641940'),
	(1561,42,'対馬市','2022-01-21 11:19:22.698225','2022-01-21 11:19:22.698225'),
	(1562,42,'壱岐市','2022-01-21 11:19:22.814986','2022-01-21 11:19:22.814986'),
	(1563,42,'五島市','2022-01-21 11:19:22.861362','2022-01-21 11:19:22.861362'),
	(1564,42,'西海市','2022-01-21 11:19:22.913980','2022-01-21 11:19:22.913980'),
	(1565,42,'雲仙市','2022-01-21 11:19:22.982371','2022-01-21 11:19:22.982371'),
	(1566,42,'南島原市','2022-01-21 11:19:23.077984','2022-01-21 11:19:23.077984'),
	(1567,42,'長与町','2022-01-21 11:19:23.154322','2022-01-21 11:19:23.154322'),
	(1568,42,'時津町','2022-01-21 11:19:23.287824','2022-01-21 11:19:23.287824'),
	(1569,42,'東彼杵町','2022-01-21 11:19:23.314803','2022-01-21 11:19:23.314803'),
	(1570,42,'川棚町','2022-01-21 11:19:23.355212','2022-01-21 11:19:23.355212'),
	(1571,42,'波佐見町','2022-01-21 11:19:23.427924','2022-01-21 11:19:23.427924'),
	(1572,42,'小値賀町','2022-01-21 11:19:23.649063','2022-01-21 11:19:23.649063'),
	(1573,42,'佐々町','2022-01-21 11:19:23.717595','2022-01-21 11:19:23.717595'),
	(1574,42,'新上五島町','2022-01-21 11:19:23.850050','2022-01-21 11:19:23.850050'),
	(1575,43,'熊本市','2022-01-21 11:19:23.911294','2022-01-21 11:19:23.911294'),
	(1576,43,'八代市','2022-01-21 11:19:23.979682','2022-01-21 11:19:23.979682'),
	(1577,43,'人吉市','2022-01-21 11:19:24.148701','2022-01-21 11:19:24.148701'),
	(1578,43,'荒尾市','2022-01-21 11:19:24.317936','2022-01-21 11:19:24.317936'),
	(1579,43,'水俣市','2022-01-21 11:19:24.456356','2022-01-21 11:19:24.456356'),
	(1580,43,'玉名市','2022-01-21 11:19:24.672600','2022-01-21 11:19:24.672600'),
	(1581,43,'山鹿市','2022-01-21 11:19:24.851164','2022-01-21 11:19:24.851164'),
	(1582,43,'菊池市','2022-01-21 11:19:24.926867','2022-01-21 11:19:24.926867'),
	(1583,43,'宇土市','2022-01-21 11:19:25.116575','2022-01-21 11:19:25.116575'),
	(1584,43,'上天草市','2022-01-21 11:19:25.225793','2022-01-21 11:19:25.225793'),
	(1585,43,'宇城市','2022-01-21 11:19:25.260870','2022-01-21 11:19:25.260870'),
	(1586,43,'阿蘇市','2022-01-21 11:19:25.300016','2022-01-21 11:19:25.300016'),
	(1587,43,'天草市','2022-01-21 11:19:25.327770','2022-01-21 11:19:25.327770'),
	(1588,43,'合志市','2022-01-21 11:19:25.475216','2022-01-21 11:19:25.475216'),
	(1589,43,'美里町','2022-01-21 11:19:25.521204','2022-01-21 11:19:25.521204'),
	(1590,43,'玉東町','2022-01-21 11:19:25.592803','2022-01-21 11:19:25.592803'),
	(1591,43,'南関町','2022-01-21 11:19:25.681915','2022-01-21 11:19:25.681915'),
	(1592,43,'長洲町','2022-01-21 11:19:25.973115','2022-01-21 11:19:25.973115'),
	(1593,43,'和水町','2022-01-21 11:19:26.053258','2022-01-21 11:19:26.053258'),
	(1594,43,'大津町','2022-01-21 11:19:26.388421','2022-01-21 11:19:26.388421'),
	(1595,43,'菊陽町','2022-01-21 11:19:26.502424','2022-01-21 11:19:26.502424'),
	(1596,43,'南小国町','2022-01-21 11:19:26.535052','2022-01-21 11:19:26.535052'),
	(1597,43,'小国町','2022-01-21 11:19:26.599316','2022-01-21 11:19:26.599316'),
	(1598,43,'産山村','2022-01-21 11:19:26.684959','2022-01-21 11:19:26.684959'),
	(1599,43,'高森町','2022-01-21 11:19:26.879207','2022-01-21 11:19:26.879207'),
	(1600,43,'西原村','2022-01-21 11:19:27.080895','2022-01-21 11:19:27.080895'),
	(1601,43,'南阿蘇村','2022-01-21 11:19:27.138393','2022-01-21 11:19:27.138393'),
	(1602,43,'御船町','2022-01-21 11:19:27.184998','2022-01-21 11:19:27.184998'),
	(1603,43,'嘉島町','2022-01-21 11:19:27.345286','2022-01-21 11:19:27.345286'),
	(1604,43,'益城町','2022-01-21 11:19:27.398812','2022-01-21 11:19:27.398812'),
	(1605,43,'甲佐町','2022-01-21 11:19:27.444708','2022-01-21 11:19:27.444708'),
	(1606,43,'山都町','2022-01-21 11:19:27.587611','2022-01-21 11:19:27.587611'),
	(1607,43,'氷川町','2022-01-21 11:19:27.681790','2022-01-21 11:19:27.681790'),
	(1608,43,'芦北町','2022-01-21 11:19:27.784609','2022-01-21 11:19:27.784609'),
	(1609,43,'津奈木町','2022-01-21 11:19:27.866163','2022-01-21 11:19:27.866163'),
	(1610,43,'錦町','2022-01-21 11:19:27.917835','2022-01-21 11:19:27.917835'),
	(1611,43,'多良木町','2022-01-21 11:19:27.975885','2022-01-21 11:19:27.975885'),
	(1612,43,'湯前町','2022-01-21 11:19:28.041524','2022-01-21 11:19:28.041524'),
	(1613,43,'水上村','2022-01-21 11:19:28.183438','2022-01-21 11:19:28.183438'),
	(1614,43,'相良村','2022-01-21 11:19:28.315536','2022-01-21 11:19:28.315536'),
	(1615,43,'五木村','2022-01-21 11:19:28.385478','2022-01-21 11:19:28.385478'),
	(1616,43,'山江村','2022-01-21 11:19:28.585056','2022-01-21 11:19:28.585056'),
	(1617,43,'球磨村','2022-01-21 11:19:28.639146','2022-01-21 11:19:28.639146'),
	(1618,43,'あさぎり町','2022-01-21 11:19:28.902624','2022-01-21 11:19:28.902624'),
	(1619,43,'苓北町','2022-01-21 11:19:29.009908','2022-01-21 11:19:29.009908'),
	(1620,44,'大分市','2022-01-21 11:19:29.181402','2022-01-21 11:19:29.181402'),
	(1621,44,'別府市','2022-01-21 11:19:29.265224','2022-01-21 11:19:29.265224'),
	(1622,44,'中津市','2022-01-21 11:19:29.313184','2022-01-21 11:19:29.313184'),
	(1623,44,'日田市','2022-01-21 11:19:29.444431','2022-01-21 11:19:29.444431'),
	(1624,44,'佐伯市','2022-01-21 11:19:29.499119','2022-01-21 11:19:29.499119'),
	(1625,44,'臼杵市','2022-01-21 11:19:29.534893','2022-01-21 11:19:29.534893'),
	(1626,44,'津久見市','2022-01-21 11:19:29.609994','2022-01-21 11:19:29.609994'),
	(1627,44,'竹田市','2022-01-21 11:19:29.670768','2022-01-21 11:19:29.670768'),
	(1628,44,'豊後高田市','2022-01-21 11:19:29.810140','2022-01-21 11:19:29.810140'),
	(1629,44,'杵築市','2022-01-21 11:19:30.107994','2022-01-21 11:19:30.107994'),
	(1630,44,'宇佐市','2022-01-21 11:19:30.166046','2022-01-21 11:19:30.166046'),
	(1631,44,'豊後大野市','2022-01-21 11:19:30.465121','2022-01-21 11:19:30.465121'),
	(1632,44,'由布市','2022-01-21 11:19:30.597020','2022-01-21 11:19:30.597020'),
	(1633,44,'国東市','2022-01-21 11:19:30.640593','2022-01-21 11:19:30.640593'),
	(1634,44,'姫島村','2022-01-21 11:19:30.710991','2022-01-21 11:19:30.710991'),
	(1635,44,'日出町','2022-01-21 11:19:30.765119','2022-01-21 11:19:30.765119'),
	(1636,44,'九重町','2022-01-21 11:19:30.841782','2022-01-21 11:19:30.841782'),
	(1637,44,'玖珠町','2022-01-21 11:19:30.942695','2022-01-21 11:19:30.942695'),
	(1638,45,'宮崎市','2022-01-21 11:19:31.264713','2022-01-21 11:19:31.264713'),
	(1639,45,'都城市','2022-01-21 11:19:31.413421','2022-01-21 11:19:31.413421'),
	(1640,45,'延岡市','2022-01-21 11:19:31.464651','2022-01-21 11:19:31.464651'),
	(1641,45,'日南市','2022-01-21 11:19:31.615129','2022-01-21 11:19:31.615129'),
	(1642,45,'小林市','2022-01-21 11:19:31.667079','2022-01-21 11:19:31.667079'),
	(1643,45,'日向市','2022-01-21 11:19:31.832454','2022-01-21 11:19:31.832454'),
	(1644,45,'串間市','2022-01-21 11:19:31.876978','2022-01-21 11:19:31.876978'),
	(1645,45,'西都市','2022-01-21 11:19:31.921902','2022-01-21 11:19:31.921902'),
	(1646,45,'えびの市','2022-01-21 11:19:32.083716','2022-01-21 11:19:32.083716'),
	(1647,45,'三股町','2022-01-21 11:19:32.165220','2022-01-21 11:19:32.165220'),
	(1648,45,'高原町','2022-01-21 11:19:32.325842','2022-01-21 11:19:32.325842'),
	(1649,45,'国富町','2022-01-21 11:19:32.365625','2022-01-21 11:19:32.365625'),
	(1650,45,'綾町','2022-01-21 11:19:32.412616','2022-01-21 11:19:32.412616'),
	(1651,45,'高鍋町','2022-01-21 11:19:32.503257','2022-01-21 11:19:32.503257'),
	(1652,45,'新富町','2022-01-21 11:19:32.601767','2022-01-21 11:19:32.601767'),
	(1653,45,'西米良村','2022-01-21 11:19:32.707217','2022-01-21 11:19:32.707217'),
	(1654,45,'木城町','2022-01-21 11:19:32.809983','2022-01-21 11:19:32.809983'),
	(1655,45,'川南町','2022-01-21 11:19:32.892031','2022-01-21 11:19:32.892031'),
	(1656,45,'都農町','2022-01-21 11:19:32.968941','2022-01-21 11:19:32.968941'),
	(1657,45,'門川町','2022-01-21 11:19:33.076714','2022-01-21 11:19:33.076714'),
	(1658,45,'諸塚村','2022-01-21 11:19:33.133728','2022-01-21 11:19:33.133728'),
	(1659,45,'椎葉村','2022-01-21 11:19:33.242836','2022-01-21 11:19:33.242836'),
	(1660,45,'美郷町','2022-01-21 11:19:33.407728','2022-01-21 11:19:33.407728'),
	(1661,45,'高千穂町','2022-01-21 11:19:33.471240','2022-01-21 11:19:33.471240'),
	(1662,45,'日之影町','2022-01-21 11:19:33.517781','2022-01-21 11:19:33.517781'),
	(1663,45,'五ヶ瀬町','2022-01-21 11:19:33.571702','2022-01-21 11:19:33.571702'),
	(1664,46,'鹿児島市','2022-01-21 11:19:33.636730','2022-01-21 11:19:33.636730'),
	(1665,46,'鹿屋市','2022-01-21 11:19:33.677499','2022-01-21 11:19:33.677499'),
	(1666,46,'枕崎市','2022-01-21 11:19:33.773206','2022-01-21 11:19:33.773206'),
	(1667,46,'阿久根市','2022-01-21 11:19:33.837351','2022-01-21 11:19:33.837351'),
	(1668,46,'出水市','2022-01-21 11:19:33.885731','2022-01-21 11:19:33.885731'),
	(1669,46,'指宿市','2022-01-21 11:19:33.912315','2022-01-21 11:19:33.912315'),
	(1670,46,'西之表市','2022-01-21 11:19:33.953186','2022-01-21 11:19:33.953186'),
	(1671,46,'垂水市','2022-01-21 11:19:34.027778','2022-01-21 11:19:34.027778'),
	(1672,46,'薩摩川内市','2022-01-21 11:19:34.121983','2022-01-21 11:19:34.121983'),
	(1673,46,'日置市','2022-01-21 11:19:34.255727','2022-01-21 11:19:34.255727'),
	(1674,46,'曽於市','2022-01-21 11:19:34.304538','2022-01-21 11:19:34.304538'),
	(1675,46,'霧島市','2022-01-21 11:19:34.471178','2022-01-21 11:19:34.471178'),
	(1676,46,'いちき串木野市','2022-01-21 11:19:34.568911','2022-01-21 11:19:34.568911'),
	(1677,46,'南さつま市','2022-01-21 11:19:34.609102','2022-01-21 11:19:34.609102'),
	(1678,46,'志布志市','2022-01-21 11:19:34.644157','2022-01-21 11:19:34.644157'),
	(1679,46,'奄美市','2022-01-21 11:19:34.774719','2022-01-21 11:19:34.774719'),
	(1680,46,'南九州市','2022-01-21 11:19:34.892633','2022-01-21 11:19:34.892633'),
	(1681,46,'伊佐市','2022-01-21 11:19:34.923121','2022-01-21 11:19:34.923121'),
	(1682,46,'姶良市','2022-01-21 11:19:34.965388','2022-01-21 11:19:34.965388'),
	(1683,46,'三島村','2022-01-21 11:19:35.052845','2022-01-21 11:19:35.052845'),
	(1684,46,'十島村','2022-01-21 11:19:35.101662','2022-01-21 11:19:35.101662'),
	(1685,46,'さつま町','2022-01-21 11:19:35.141870','2022-01-21 11:19:35.141870'),
	(1686,46,'長島町','2022-01-21 11:19:35.228938','2022-01-21 11:19:35.228938'),
	(1687,46,'湧水町','2022-01-21 11:19:35.285836','2022-01-21 11:19:35.285836'),
	(1688,46,'大崎町','2022-01-21 11:19:35.330596','2022-01-21 11:19:35.330596'),
	(1689,46,'東串良町','2022-01-21 11:19:35.387829','2022-01-21 11:19:35.387829'),
	(1690,46,'錦江町','2022-01-21 11:19:35.429199','2022-01-21 11:19:35.429199'),
	(1691,46,'南大隅町','2022-01-21 11:19:35.488448','2022-01-21 11:19:35.488448'),
	(1692,46,'肝付町','2022-01-21 11:19:35.523558','2022-01-21 11:19:35.523558'),
	(1693,46,'中種子町','2022-01-21 11:19:35.565029','2022-01-21 11:19:35.565029'),
	(1694,46,'南種子町','2022-01-21 11:19:35.615115','2022-01-21 11:19:35.615115'),
	(1695,46,'屋久島町','2022-01-21 11:19:35.647961','2022-01-21 11:19:35.647961'),
	(1696,46,'大和村','2022-01-21 11:19:35.673078','2022-01-21 11:19:35.673078'),
	(1697,46,'宇検村','2022-01-21 11:19:35.775615','2022-01-21 11:19:35.775615'),
	(1698,46,'瀬戸内町','2022-01-21 11:19:35.883581','2022-01-21 11:19:35.883581'),
	(1699,46,'龍郷町','2022-01-21 11:19:35.955412','2022-01-21 11:19:35.955412'),
	(1700,46,'喜界町','2022-01-21 11:19:36.008468','2022-01-21 11:19:36.008468'),
	(1701,46,'徳之島町','2022-01-21 11:19:36.050897','2022-01-21 11:19:36.050897'),
	(1702,46,'天城町','2022-01-21 11:19:36.074001','2022-01-21 11:19:36.074001'),
	(1703,46,'伊仙町','2022-01-21 11:19:36.114276','2022-01-21 11:19:36.114276'),
	(1704,46,'和泊町','2022-01-21 11:19:36.186647','2022-01-21 11:19:36.186647'),
	(1705,46,'知名町','2022-01-21 11:19:36.245779','2022-01-21 11:19:36.245779'),
	(1706,46,'与論町','2022-01-21 11:19:36.285904','2022-01-21 11:19:36.285904'),
	(1707,47,'那覇市','2022-01-21 11:19:36.353818','2022-01-21 11:19:36.353818'),
	(1708,47,'宜野湾市','2022-01-21 11:19:36.460814','2022-01-21 11:19:36.460814'),
	(1709,47,'石垣市','2022-01-21 11:19:36.503275','2022-01-21 11:19:36.503275'),
	(1710,47,'浦添市','2022-01-21 11:19:36.568829','2022-01-21 11:19:36.568829'),
	(1711,47,'名護市','2022-01-21 11:19:36.622325','2022-01-21 11:19:36.622325'),
	(1712,47,'糸満市','2022-01-21 11:19:36.671649','2022-01-21 11:19:36.671649'),
	(1713,47,'沖縄市','2022-01-21 11:19:36.733043','2022-01-21 11:19:36.733043'),
	(1714,47,'豊見城市','2022-01-21 11:19:36.766000','2022-01-21 11:19:36.766000'),
	(1715,47,'うるま市','2022-01-21 11:19:36.804297','2022-01-21 11:19:36.804297'),
	(1716,47,'宮古島市','2022-01-21 11:19:36.868789','2022-01-21 11:19:36.868789'),
	(1717,47,'南城市','2022-01-21 11:19:36.935334','2022-01-21 11:19:36.935334'),
	(1718,47,'国頭村','2022-01-21 11:19:36.976705','2022-01-21 11:19:36.976705'),
	(1719,47,'大宜味村','2022-01-21 11:19:37.026320','2022-01-21 11:19:37.026320'),
	(1720,47,'東村','2022-01-21 11:19:37.086764','2022-01-21 11:19:37.086764'),
	(1721,47,'今帰仁村','2022-01-21 11:19:37.109541','2022-01-21 11:19:37.109541'),
	(1722,47,'本部町','2022-01-21 11:19:37.158386','2022-01-21 11:19:37.158386'),
	(1723,47,'恩納村','2022-01-21 11:19:37.289233','2022-01-21 11:19:37.289233'),
	(1724,47,'宜野座村','2022-01-21 11:19:37.327224','2022-01-21 11:19:37.327224'),
	(1725,47,'金武町','2022-01-21 11:19:37.389794','2022-01-21 11:19:37.389794'),
	(1726,47,'伊江村','2022-01-21 11:19:37.458318','2022-01-21 11:19:37.458318'),
	(1727,47,'読谷村','2022-01-21 11:19:37.494545','2022-01-21 11:19:37.494545'),
	(1728,47,'嘉手納町','2022-01-21 11:19:37.535183','2022-01-21 11:19:37.535183'),
	(1729,47,'北谷町','2022-01-21 11:19:37.570027','2022-01-21 11:19:37.570027'),
	(1730,47,'北中城村','2022-01-21 11:19:37.655905','2022-01-21 11:19:37.655905'),
	(1731,47,'中城村','2022-01-21 11:19:37.690092','2022-01-21 11:19:37.690092'),
	(1732,47,'西原町','2022-01-21 11:19:37.710148','2022-01-21 11:19:37.710148'),
	(1733,47,'与那原町','2022-01-21 11:19:37.733130','2022-01-21 11:19:37.733130'),
	(1734,47,'南風原町','2022-01-21 11:19:37.757676','2022-01-21 11:19:37.757676'),
	(1735,47,'渡嘉敷村','2022-01-21 11:19:37.776333','2022-01-21 11:19:37.776333'),
	(1736,47,'座間味村','2022-01-21 11:19:37.796555','2022-01-21 11:19:37.796555'),
	(1737,47,'粟国村','2022-01-21 11:19:37.855253','2022-01-21 11:19:37.855253'),
	(1738,47,'渡名喜村','2022-01-21 11:19:37.894923','2022-01-21 11:19:37.894923'),
	(1739,47,'南大東村','2022-01-21 11:19:37.985545','2022-01-21 11:19:37.985545'),
	(1740,47,'北大東村','2022-01-21 11:19:38.026833','2022-01-21 11:19:38.026833'),
	(1741,47,'伊平屋村','2022-01-21 11:19:38.057757','2022-01-21 11:19:38.057757'),
	(1742,47,'伊是名村','2022-01-21 11:19:38.123221','2022-01-21 11:19:38.123221'),
	(1743,47,'久米島町','2022-01-21 11:19:38.156323','2022-01-21 11:19:38.156323'),
	(1744,47,'八重瀬町','2022-01-21 11:19:38.220760','2022-01-21 11:19:38.220760'),
	(1745,47,'多良間村','2022-01-21 11:19:38.258490','2022-01-21 11:19:38.258490'),
	(1746,47,'竹富町','2022-01-21 11:19:38.299974','2022-01-21 11:19:38.299974'),
	(1747,47,'与那国町','2022-01-21 11:19:38.338010','2022-01-21 11:19:38.338010');

/*!40000 ALTER TABLE `cities` ENABLE KEYS */;
UNLOCK TABLES;


# テーブルのダンプ distances
# ------------------------------------------------------------

DROP TABLE IF EXISTS `distances`;

CREATE TABLE `distances` (
  `id` bigint NOT NULL AUTO_INCREMENT,
  `buyer_id` int DEFAULT NULL,
  `agent_id` int DEFAULT NULL,
  `distance` float DEFAULT NULL,
  `created_at` datetime(6) NOT NULL,
  `updated_at` datetime(6) NOT NULL,
  PRIMARY KEY (`id`)
) ENGINE=InnoDB DEFAULT CHARSET=utf8mb4 COLLATE=utf8mb4_0900_ai_ci;



# テーブルのダンプ districts
# ------------------------------------------------------------

DROP TABLE IF EXISTS `districts`;

CREATE TABLE `districts` (
  `id` bigint NOT NULL AUTO_INCREMENT,
  `name` varchar(255) DEFAULT NULL,
  `created_at` datetime(6) NOT NULL,
  `updated_at` datetime(6) NOT NULL,
  PRIMARY KEY (`id`)
) ENGINE=InnoDB DEFAULT CHARSET=utf8mb4 COLLATE=utf8mb4_0900_ai_ci;

LOCK TABLES `districts` WRITE;
/*!40000 ALTER TABLE `districts` DISABLE KEYS */;

INSERT INTO `districts` (`id`, `name`, `created_at`, `updated_at`)
VALUES
	(1,'北海道','2022-01-21 11:17:21.979352','2022-01-21 11:17:21.979352'),
	(2,'東北','2022-01-21 11:17:22.069369','2022-01-21 11:17:22.069369'),
	(3,'関東','2022-01-21 11:17:22.101553','2022-01-21 11:17:22.101553'),
	(4,'中部','2022-01-21 11:17:22.122448','2022-01-21 11:17:22.122448'),
	(5,'近畿','2022-01-21 11:17:22.145867','2022-01-21 11:17:22.145867'),
	(6,'中国','2022-01-21 11:17:22.195687','2022-01-21 11:17:22.195687'),
	(7,'四国','2022-01-21 11:17:22.234045','2022-01-21 11:17:22.234045'),
	(8,'九州・沖縄','2022-01-21 11:17:22.297035','2022-01-21 11:17:22.297035');

/*!40000 ALTER TABLE `districts` ENABLE KEYS */;
UNLOCK TABLES;


# テーブルのダンプ messages
# ------------------------------------------------------------

DROP TABLE IF EXISTS `messages`;

CREATE TABLE `messages` (
  `id` bigint NOT NULL AUTO_INCREMENT,
  `room_id` bigint NOT NULL,
  `agent_id` bigint NOT NULL,
  `buyer_id` bigint NOT NULL,
  `user_type` int DEFAULT NULL,
  `content` text,
  `checked_agent_flg` tinyint(1) NOT NULL DEFAULT '0',
  `checked_buyer_flg` tinyint(1) NOT NULL DEFAULT '0',
  `delete_flg` tinyint(1) DEFAULT NULL,
  `created_at` datetime(6) NOT NULL,
  `updated_at` datetime(6) NOT NULL,
  PRIMARY KEY (`id`),
  KEY `index_messages_on_agent_id` (`agent_id`),
  KEY `index_messages_on_buyer_id` (`buyer_id`),
  KEY `index_messages_on_room_id` (`room_id`),
  CONSTRAINT `fk_rails_3209a7ff53` FOREIGN KEY (`agent_id`) REFERENCES `agents` (`id`),
  CONSTRAINT `fk_rails_a8db0fb63a` FOREIGN KEY (`room_id`) REFERENCES `rooms` (`id`),
  CONSTRAINT `fk_rails_ecf69a51b2` FOREIGN KEY (`buyer_id`) REFERENCES `buyers` (`id`)
) ENGINE=InnoDB DEFAULT CHARSET=utf8mb4 COLLATE=utf8mb4_0900_ai_ci;

LOCK TABLES `messages` WRITE;
/*!40000 ALTER TABLE `messages` DISABLE KEYS */;

INSERT INTO `messages` (`id`, `room_id`, `agent_id`, `buyer_id`, `user_type`, `content`, `checked_agent_flg`, `checked_buyer_flg`, `delete_flg`, `created_at`, `updated_at`)
VALUES
	(1,1,1,1,0,'こめんとですーこめんとですーこめんとですーこめんとですーこめんとですーこめんとですーこめんとですーこめんとですーこめんとですーこめんとですーーーー1',0,0,NULL,'2022-01-21 11:17:21.110735','2022-01-21 11:17:21.110735'),
	(2,1,1,1,0,'こめんとですーこめんとですーこめんとですーこめんとですーこめんとですーこめんとですーこめんとですーこめんとですーこめんとですーこめんとですーこめんとですーこめんとですーこめんとですーこめんとですーこめんとですーこめんとですーこめんとですーこめんとですーこめんとですーこめんとですーこめんとですーこめんとですーこめんとですーこめんとですーこめんとですーこめんとですーこめんとですーこめんとですーこめんとですーこめんとですーこめんとですーこめんとですーこめんとですーーーー2',0,0,NULL,'2022-01-21 11:17:21.161407','2022-01-21 11:17:21.161407'),
	(3,1,1,1,1,'こめんとですーーーー3',0,0,NULL,'2022-01-21 11:17:21.198560','2022-01-21 11:17:21.198560'),
	(4,1,1,1,1,'こめんとですーーーー4',0,0,NULL,'2022-01-21 11:17:21.338025','2022-01-21 11:17:21.338025'),
	(5,1,1,1,0,'こめんとですーーーーこめんとですーこめんとですーこめんとですーこめんとですーこめんとですーこめんとですーこめんとですーこめんとですーこめんとですーこめんとですーこめんとですーこめんとですーこめんとですーこめんとですーこめんとですー5',0,0,NULL,'2022-01-21 11:17:21.392609','2022-01-21 11:17:21.392609'),
	(6,2,1,2,0,'こめんとですーこめんとですーこめんとですーこめんとですーこめんとですーこめんとですーーーこめんとですーこめんとですーこめんとですーこめんとですーこめんとですーこめんとですーー1',0,0,NULL,'2022-01-21 11:17:21.474072','2022-01-21 11:17:21.474072'),
	(7,2,1,2,1,'こめんとですーーーー2',0,0,NULL,'2022-01-21 11:17:21.566436','2022-01-21 11:17:21.566436'),
	(8,2,1,2,0,'こめんとですーーーー3',0,0,NULL,'2022-01-21 11:17:21.625542','2022-01-21 11:17:21.625542'),
	(9,2,1,2,1,'こめんとですーーーー4',0,0,NULL,'2022-01-21 11:17:21.790035','2022-01-21 11:17:21.790035'),
	(10,2,1,2,0,'こめんとですーーーー5',0,0,NULL,'2022-01-21 11:17:21.871787','2022-01-21 11:17:21.871787');

/*!40000 ALTER TABLE `messages` ENABLE KEYS */;
UNLOCK TABLES;


# テーブルのダンプ prefectures
# ------------------------------------------------------------

DROP TABLE IF EXISTS `prefectures`;

CREATE TABLE `prefectures` (
  `id` bigint NOT NULL AUTO_INCREMENT,
  `district_id` int DEFAULT NULL,
  `name` varchar(255) DEFAULT NULL,
  `created_at` datetime(6) NOT NULL,
  `updated_at` datetime(6) NOT NULL,
  PRIMARY KEY (`id`)
) ENGINE=InnoDB DEFAULT CHARSET=utf8mb4 COLLATE=utf8mb4_0900_ai_ci;

LOCK TABLES `prefectures` WRITE;
/*!40000 ALTER TABLE `prefectures` DISABLE KEYS */;

INSERT INTO `prefectures` (`id`, `district_id`, `name`, `created_at`, `updated_at`)
VALUES
	(1,1,'北海道','2022-01-21 11:17:22.425991','2022-01-21 11:17:22.425991'),
	(2,2,'青森県','2022-01-21 11:17:22.473835','2022-01-21 11:17:22.473835'),
	(3,2,'岩手県','2022-01-21 11:17:22.526507','2022-01-21 11:17:22.526507'),
	(4,2,'宮城県','2022-01-21 11:17:22.574058','2022-01-21 11:17:22.574058'),
	(5,2,'秋田県','2022-01-21 11:17:22.629445','2022-01-21 11:17:22.629445'),
	(6,2,'山形県','2022-01-21 11:17:22.663089','2022-01-21 11:17:22.663089'),
	(7,2,'福島県','2022-01-21 11:17:22.695456','2022-01-21 11:17:22.695456'),
	(8,3,'茨城県','2022-01-21 11:17:22.795084','2022-01-21 11:17:22.795084'),
	(9,3,'栃木県','2022-01-21 11:17:22.866576','2022-01-21 11:17:22.866576'),
	(10,3,'群馬県','2022-01-21 11:17:22.904489','2022-01-21 11:17:22.904489'),
	(11,3,'埼玉県','2022-01-21 11:17:22.962221','2022-01-21 11:17:22.962221'),
	(12,3,'千葉県','2022-01-21 11:17:23.015442','2022-01-21 11:17:23.015442'),
	(13,3,'東京都','2022-01-21 11:17:23.071469','2022-01-21 11:17:23.071469'),
	(14,3,'神奈川県','2022-01-21 11:17:23.122288','2022-01-21 11:17:23.122288'),
	(15,4,'新潟県','2022-01-21 11:17:23.203463','2022-01-21 11:17:23.203463'),
	(16,4,'富山県','2022-01-21 11:17:23.271560','2022-01-21 11:17:23.271560'),
	(17,4,'石川県','2022-01-21 11:17:23.328057','2022-01-21 11:17:23.328057'),
	(18,4,'福井県','2022-01-21 11:17:23.369711','2022-01-21 11:17:23.369711'),
	(19,4,'山梨県','2022-01-21 11:17:23.425917','2022-01-21 11:17:23.425917'),
	(20,4,'長野県','2022-01-21 11:17:23.474575','2022-01-21 11:17:23.474575'),
	(21,4,'岐阜県','2022-01-21 11:17:23.525847','2022-01-21 11:17:23.525847'),
	(22,4,'静岡県','2022-01-21 11:17:23.568534','2022-01-21 11:17:23.568534'),
	(23,4,'愛知県','2022-01-21 11:17:23.626645','2022-01-21 11:17:23.626645'),
	(24,4,'三重県','2022-01-21 11:17:23.697955','2022-01-21 11:17:23.697955'),
	(25,5,'滋賀県','2022-01-21 11:17:23.722865','2022-01-21 11:17:23.722865'),
	(26,5,'京都府','2022-01-21 11:17:23.759675','2022-01-21 11:17:23.759675'),
	(27,5,'大阪府','2022-01-21 11:17:23.802701','2022-01-21 11:17:23.802701'),
	(28,5,'兵庫県','2022-01-21 11:17:23.867637','2022-01-21 11:17:23.867637'),
	(29,5,'奈良県','2022-01-21 11:17:23.929273','2022-01-21 11:17:23.929273'),
	(30,5,'和歌山県','2022-01-21 11:17:23.973033','2022-01-21 11:17:23.973033'),
	(31,6,'鳥取県','2022-01-21 11:17:24.002747','2022-01-21 11:17:24.002747'),
	(32,6,'島根県','2022-01-21 11:17:24.071218','2022-01-21 11:17:24.071218'),
	(33,6,'岡山県','2022-01-21 11:17:24.123919','2022-01-21 11:17:24.123919'),
	(34,6,'広島県','2022-01-21 11:17:24.238283','2022-01-21 11:17:24.238283'),
	(35,6,'山口県','2022-01-21 11:17:24.353717','2022-01-21 11:17:24.353717'),
	(36,7,'徳島県','2022-01-21 11:17:24.406027','2022-01-21 11:17:24.406027'),
	(37,7,'香川県','2022-01-21 11:17:24.485931','2022-01-21 11:17:24.485931'),
	(38,7,'愛媛県','2022-01-21 11:17:24.519443','2022-01-21 11:17:24.519443'),
	(39,7,'高知県','2022-01-21 11:17:24.548290','2022-01-21 11:17:24.548290'),
	(40,8,'福岡県','2022-01-21 11:17:24.590573','2022-01-21 11:17:24.590573'),
	(41,8,'佐賀県','2022-01-21 11:17:24.654590','2022-01-21 11:17:24.654590'),
	(42,8,'長崎県','2022-01-21 11:17:24.722234','2022-01-21 11:17:24.722234'),
	(43,8,'熊本県','2022-01-21 11:17:24.772013','2022-01-21 11:17:24.772013'),
	(44,8,'大分県','2022-01-21 11:17:24.902494','2022-01-21 11:17:24.902494'),
	(45,8,'宮崎県','2022-01-21 11:17:24.989362','2022-01-21 11:17:24.989362'),
	(46,8,'鹿児島県','2022-01-21 11:17:25.034569','2022-01-21 11:17:25.034569'),
	(47,8,'沖縄県','2022-01-21 11:17:25.095490','2022-01-21 11:17:25.095490');

/*!40000 ALTER TABLE `prefectures` ENABLE KEYS */;
UNLOCK TABLES;


# テーブルのダンプ rooms
# ------------------------------------------------------------

DROP TABLE IF EXISTS `rooms`;

CREATE TABLE `rooms` (
  `id` bigint NOT NULL AUTO_INCREMENT,
  `agent_id` bigint NOT NULL,
  `buyer_id` bigint NOT NULL,
  `delete_flg` tinyint(1) DEFAULT NULL,
  `created_at` datetime(6) NOT NULL,
  `updated_at` datetime(6) NOT NULL,
  PRIMARY KEY (`id`),
  KEY `index_rooms_on_agent_id` (`agent_id`),
  KEY `index_rooms_on_buyer_id` (`buyer_id`),
  CONSTRAINT `fk_rails_32fbd8fc5e` FOREIGN KEY (`buyer_id`) REFERENCES `buyers` (`id`),
  CONSTRAINT `fk_rails_5d1b61dcef` FOREIGN KEY (`agent_id`) REFERENCES `agents` (`id`)
) ENGINE=InnoDB DEFAULT CHARSET=utf8mb4 COLLATE=utf8mb4_0900_ai_ci;

LOCK TABLES `rooms` WRITE;
/*!40000 ALTER TABLE `rooms` DISABLE KEYS */;

INSERT INTO `rooms` (`id`, `agent_id`, `buyer_id`, `delete_flg`, `created_at`, `updated_at`)
VALUES
	(1,1,1,NULL,'2022-01-21 11:17:20.671602','2022-01-21 11:17:20.671602'),
	(2,1,2,NULL,'2022-01-21 11:17:20.709810','2022-01-21 11:17:20.709810'),
	(3,1,3,NULL,'2022-01-21 11:17:20.737103','2022-01-21 11:17:20.737103'),
	(4,2,1,NULL,'2022-01-21 11:17:20.755014','2022-01-21 11:17:20.755014'),
	(5,3,1,NULL,'2022-01-21 11:17:20.781235','2022-01-21 11:17:20.781235'),
	(6,3,2,NULL,'2022-01-21 11:17:20.810840','2022-01-21 11:17:20.810840'),
	(7,3,3,NULL,'2022-01-21 11:17:20.898990','2022-01-21 11:17:20.898990'),
	(8,4,2,NULL,'2022-01-21 11:17:20.967875','2022-01-21 11:17:20.967875');

/*!40000 ALTER TABLE `rooms` ENABLE KEYS */;
UNLOCK TABLES;


# テーブルのダンプ schema_migrations
# ------------------------------------------------------------

DROP TABLE IF EXISTS `schema_migrations`;

CREATE TABLE `schema_migrations` (
  `version` varchar(255) NOT NULL,
  PRIMARY KEY (`version`)
) ENGINE=InnoDB DEFAULT CHARSET=utf8mb4 COLLATE=utf8mb4_0900_ai_ci;

LOCK TABLES `schema_migrations` WRITE;
/*!40000 ALTER TABLE `schema_migrations` DISABLE KEYS */;

INSERT INTO `schema_migrations` (`version`)
VALUES
	('20210328005109'),
	('20210401144920'),
	('20210405150234'),
	('20210430143801'),
	('20210430145902'),
	('20210502100926'),
	('20210502100948'),
	('20210508141410'),
	('20210616095800'),
	('20210706090940'),
	('20210706090957'),
	('20210706091005'),
	('20210706091106'),
	('20210706091120'),
	('20210715035512'),
	('20210715081022'),
	('20210716071720'),
	('20220118103344'),
	('20220118103355'),
	('20220118104527');

/*!40000 ALTER TABLE `schema_migrations` ENABLE KEYS */;
UNLOCK TABLES;


# テーブルのダンプ test_posts
# ------------------------------------------------------------

DROP TABLE IF EXISTS `test_posts`;

CREATE TABLE `test_posts` (
  `id` bigint NOT NULL AUTO_INCREMENT,
  `title` varchar(255) DEFAULT NULL,
  `body` text,
  `created_at` datetime(6) NOT NULL,
  `updated_at` datetime(6) NOT NULL,
  PRIMARY KEY (`id`)
) ENGINE=InnoDB DEFAULT CHARSET=utf8mb4 COLLATE=utf8mb4_0900_ai_ci;




/*!40111 SET SQL_NOTES=@OLD_SQL_NOTES */;
/*!40101 SET SQL_MODE=@OLD_SQL_MODE */;
/*!40014 SET FOREIGN_KEY_CHECKS=@OLD_FOREIGN_KEY_CHECKS */;
/*!40101 SET CHARACTER_SET_CLIENT=@OLD_CHARACTER_SET_CLIENT */;
/*!40101 SET CHARACTER_SET_RESULTS=@OLD_CHARACTER_SET_RESULTS */;
/*!40101 SET COLLATION_CONNECTION=@OLD_COLLATION_CONNECTION */;
